Joli Vanstone,1,2,jvanstone0@ucoz.ru
Korella Merfin,2,2.5,kmerfin1@shinystat.com
Clark Giraldon,3,0,cgiraldon2@examiner.com
Orv Prantoni,4,1.3,oprantoni3@godaddy.com
Thorvald Bendixen,5,3.3,tbendixen4@yahoo.com
Piotr Sigg,6,1.4,psigg5@hibu.com
Quinta Gaisford,7,2.5,qgaisford6@phpbb.com
Deni Spohrmann,8,0.6,dspohrmann7@chronoengine.com
Berte Holleworth,9,2,bholleworth8@pagesperso-orange.fr
Lorrie Eddowis,10,1.6,leddowis9@wsj.com
Monika Erswell,11,3.6,merswella@quantcast.com
Fielding Motion,12,2.4,fmotionb@cyberchimps.com
Wheeler Torrijos,13,0.1,wtorrijosc@domainmarket.com
Jeff Geldart,14,0.8,jgeldartd@vkontakte.ru
Raina Dodge,15,3,rdodgee@infoseek.co.jp
Jammie Jacqueminot,16,2.7,jjacqueminotf@yolasite.com
Isidro Aggus,17,2.7,iaggusg@toplist.cz
Clement L' Estrange,18,3.7,clh@macromedia.com
Cirilo Retallick,19,1.6,cretallicki@webs.com
Ruthy Whittier,20,0.6,rwhittierj@technorati.com
Rickie Mapstone,21,0.9,rmapstonek@samsung.com
Linn Morrall,22,3.4,lmorralll@usda.gov
Cymbre Nial,23,0.7,cnialm@angelfire.com
Lesya Kesby,24,3.5,lkesbyn@jiathis.com
Arther Moorerud,25,2.3,amoorerudo@squarespace.com
Ardyth Goede,26,1.6,agoedep@wikipedia.org
Dorris Marikhin,27,1.3,dmarikhinq@hp.com
Roth Clews,28,0.1,rclewsr@about.com
Chen Gommowe,29,3.2,cgommowes@hp.com
Royal Autry,30,1.6,rautryt@nymag.com
Minda Sinncock,31,1.4,msinncocku@samsung.com
Engelbert Quiddihy,32,3.7,equiddihyv@technorati.com
Tiphany Restieaux,33,2.4,trestieauxw@answers.com
Kiri Swaisland,34,2.7,kswaislandx@discuz.net
Sallie Van der Linde,35,0.4,svany@deliciousdays.com
Rhea Calles,36,4,rcallesz@constantcontact.com
Rebecca Everiss,37,3.9,reveriss10@scribd.com
Meade Raper,38,2.4,mraper11@oaic.gov.au
Helge Kuban,39,2,hkuban12@photobucket.com
Alon Pideon,40,0.2,apideon13@naver.com
Elfreda Luney,41,2.1,eluney14@amazon.de
Hobey Nuzzti,42,0.7,hnuzzti15@skyrock.com
Biron Milberry,43,0.1,bmilberry16@oracle.com
Almeria Hause,44,2.9,ahause17@paypal.com
Arly Donneely,45,3.4,adonneely18@topsy.com
Lawton Tidbald,46,0.5,ltidbald19@hubpages.com
Wylie Rennels,47,2.8,wrennels1a@google.com
Diana Edens,48,2.3,dedens1b@lulu.com
Torey Brimham,49,3.4,tbrimham1c@youtu.be
Virge Tollfree,50,3.7,vtollfree1d@sphinn.com
Augustina Bartrap,51,3.5,abartrap1e@dmoz.org
Sarge Loakes,52,2.7,sloakes1f@trellian.com
Sonnie Duffree,53,2.7,sduffree1g@nbcnews.com
Irvine Wilkennson,54,1.4,iwilkennson1h@networksolutions.com
Rhea Laurenz,55,1.9,rlaurenz1i@dedecms.com
Tadeas Elliker,56,0.8,telliker1j@shutterfly.com
Boony Porkiss,57,1.6,bporkiss1k@dot.gov
Rebeca Hiscocks,58,3.6,rhiscocks1l@storify.com
Nicholle Firk,59,0.9,nfirk1m@sciencedirect.com
Nicki Hardy,60,3.6,nhardy1n@nifty.com
Brear Crecy,61,2.3,bcrecy1o@feedburner.com
Nikoletta Tortis,62,2.5,ntortis1p@live.com
Mead Wayon,63,2,mwayon1q@chicagotribune.com
Percy Longbottom,64,0.8,plongbottom1r@wp.com
Lelia Caughtry,65,1.3,lcaughtry1s@marketwatch.com
Deina Caird,66,2.4,dcaird1t@bloomberg.com
Marleah Begwell,67,3.5,mbegwell1u@gov.uk
Eward Collingham,68,0.3,ecollingham1v@cbsnews.com
Dian Escale,69,0.2,descale1w@about.me
Chanda Rawlyns,70,2.6,crawlyns1x@ovh.net
Kacie Mangam,71,3.3,kmangam1y@nba.com
Luisa Leggott,72,3,lleggott1z@hugedomains.com
Edsel Conant,73,3.9,econant20@yahoo.co.jp
Pollyanna Jarmaine,74,3.2,pjarmaine21@studiopress.com
Devinne Seymer,75,4,dseymer22@fotki.com
Godfree Bewshire,76,2.8,gbewshire23@narod.ru
Vassily Loughhead,77,2.3,vloughhead24@stanford.edu
Alix Hewins,78,0.2,ahewins25@sina.com.cn
Donovan Gatsby,79,1.9,dgatsby26@odnoklassniki.ru
Rene Bjerkan,80,1,rbjerkan27@surveymonkey.com
Joline Gascoyne,81,3.6,jgascoyne28@statcounter.com
Barron Samsin,82,1.7,bsamsin29@drupal.org
Florry Landy,83,1.2,flandy2a@a8.net
Helyn Kippie,84,0.1,hkippie2b@soundcloud.com
Nicole Ricciardi,85,0.8,nricciardi2c@washingtonpost.com
Ricardo Gorvin,86,0.6,rgorvin2d@europa.eu
Geraldine Surtees,87,1.7,gsurtees2e@google.com.hk
Allix Di Lucia,88,2.8,adi2f@cafepress.com
Roi Bote,89,1.3,rbote2g@accuweather.com
Christopher Fawloe,90,2.5,cfawloe2h@simplemachines.org
Buffy Berney,91,3.4,bberney2i@ning.com
Raymond Clarkson,92,2.8,rclarkson2j@ibm.com
Morty Hawkswood,93,3.8,mhawkswood2k@kickstarter.com
Rakel Jozefiak,94,2.5,rjozefiak2l@diigo.com
Jermain Tattoo,95,1.5,jtattoo2m@edublogs.org
Colly MacAllen,96,0.7,cmacallen2n@prnewswire.com
Barbra Beadman,97,3.3,bbeadman2o@free.fr
Elie Kruszelnicki,98,0.1,ekruszelnicki2p@taobao.com
Riley Pickard,99,3,rpickard2q@histats.com
Marja Storms,100,2,mstorms2r@hatena.ne.jp
Aggi Mazin,101,0.2,amazin2s@scientificamerican.com
Alla Baterip,102,3.9,abaterip2t@ox.ac.uk
Saraann Marlen,103,3.5,smarlen2u@mlb.com
Far Leal,104,3.8,fleal2v@netvibes.com
Kale Kilvington,105,3.3,kkilvington2w@answers.com
Cary Knowlman,106,2.5,cknowlman2x@webmd.com
Jillane Counsell,107,2.1,jcounsell2y@dailymotion.com
Lucia Soan,108,2.1,lsoan2z@ning.com
Anitra Tresvina,109,2.6,atresvina30@china.com.cn
Felicia Lidierth,110,3.4,flidierth31@google.ru
Marianne Rabjohn,111,0.6,mrabjohn32@google.ca
Veronika Lightwood,112,3.2,vlightwood33@wikimedia.org
Bernetta Hucklesby,113,4,bhucklesby34@wiley.com
Colver Brownlea,114,3.6,cbrownlea35@seesaa.net
Uri Bestman,115,3.2,ubestman36@howstuffworks.com
Jessie Toms,116,4,jtoms37@google.de
Hagen Kirk,117,2.8,hkirk38@ox.ac.uk
Garold Carnoghan,118,0.3,gcarnoghan39@bloomberg.com
Dulce Raynes,119,0.4,draynes3a@cloudflare.com
Rianon Allward,120,2,rallward3b@icio.us
Thorsten Humbles,121,2.3,thumbles3c@wp.com
Levy Ubsdell,122,2.5,lubsdell3d@usda.gov
Ambrosius Saphin,123,2,asaphin3e@nba.com
Sybila Karczinski,124,0.7,skarczinski3f@friendfeed.com
Janifer Mattiazzo,125,0.8,jmattiazzo3g@symantec.com
Karia Lossman,126,0.5,klossman3h@weibo.com
Kennith Gouly,127,3,kgouly3i@zdnet.com
Glendon Ellard,128,2.1,gellard3j@scribd.com
Emera Trench,129,0.2,etrench3k@sfgate.com
Valina Klaaasen,130,1.9,vklaaasen3l@senate.gov
Ringo Barnaclough,131,3.3,rbarnaclough3m@dion.ne.jp
Jori Picardo,132,1,jpicardo3n@a8.net
Karita Gligoraci,133,3.1,kgligoraci3o@posterous.com
Bron Deem,134,3.7,bdeem3p@webnode.com
Julee Zollner,135,2.9,jzollner3q@simplemachines.org
Timofei Seals,136,0.8,tseals3r@usatoday.com
Sanders Baggot,137,0.2,sbaggot3s@google.nl
Alina Pegden,138,1.5,apegden3t@tiny.cc
Stephan Andreazzi,139,3.3,sandreazzi3u@mlb.com
Matthaeus MacTurlough,140,0.2,mmacturlough3v@tamu.edu
Kellsie Manser,141,3.3,kmanser3w@archive.org
Corrie Irwin,142,2.1,cirwin3x@patch.com
Inna Tumasian,143,3,itumasian3y@unicef.org
Kelby Furley,144,3.7,kfurley3z@smugmug.com
Deb Laban,145,0.1,dlaban40@walmart.com
Fifi Mariolle,146,0.7,fmariolle41@reference.com
Martynne Leftridge,147,1.9,mleftridge42@xinhuanet.com
Arliene Armer,148,3.5,aarmer43@alibaba.com
Eugen Elcombe,149,0.4,eelcombe44@dmoz.org
Corrianne Wykes,150,1.1,cwykes45@discuz.net
Dorri Hambatch,151,2.7,dhambatch46@fc2.com
Payton Harrower,152,1.1,pharrower47@tumblr.com
Inessa Kausche,153,0.5,ikausche48@wired.com
Caresse Jencken,154,3.9,cjencken49@imgur.com
Boote Clemensen,155,2.4,bclemensen4a@google.it
Giffard Ryburn,156,3.6,gryburn4b@wufoo.com
Susanetta O'Henecan,157,3.2,sohenecan4c@vistaprint.com
Cacilia De Robertis,158,0.8,cde4d@e-recht24.de
Bearnard Tolumello,159,2,btolumello4e@drupal.org
Gun Talby,160,3.6,gtalby4f@wikipedia.org
Cairistiona Klemt,161,2.7,cklemt4g@discuz.net
Garey Cottem,162,2.4,gcottem4h@blinklist.com
Libbie Breckell,163,3.2,lbreckell4i@weather.com
Perla Murison,164,1.8,pmurison4j@digg.com
Wyatan Allnatt,165,1.9,wallnatt4k@japanpost.jp
Marco McKane,166,0.5,mmckane4l@twitter.com
Isidora Brandham,167,1.3,ibrandham4m@yellowbook.com
Manfred Daws,168,3.9,mdaws4n@slideshare.net
Tudor Sidnell,169,2,tsidnell4o@youtube.com
Idette Yardy,170,3.1,iyardy4p@flavors.me
Gilligan Cordner,171,0.2,gcordner4q@w3.org
Bidget Attac,172,0.5,battac4r@nytimes.com
Fitz Roots,173,3.9,froots4s@unesco.org
Odelinda Leith,174,1.5,oleith4t@cisco.com
Berenice Dunk,175,2.6,bdunk4u@trellian.com
Godfrey Collecott,176,0.7,gcollecott4v@smugmug.com
Suzette Ratlee,177,2.9,sratlee4w@360.cn
Bancroft Mattielli,178,3.9,bmattielli4x@youku.com
Arel Tames,179,2.5,atames4y@addthis.com
Kelby Tregear,180,3.4,ktregear4z@mlb.com
Annabal Pilcher,181,3.6,apilcher50@baidu.com
Aubert Slarke,182,2.4,aslarke51@cbslocal.com
Constantine Godsafe,183,1.5,cgodsafe52@howstuffworks.com
Phylis Heakins,184,1.3,pheakins53@wix.com
Lesley Loeber,185,3.9,lloeber54@nba.com
Waiter Jovey,186,0.7,wjovey55@goodreads.com
Tannie Peyzer,187,3.5,tpeyzer56@blogtalkradio.com
Maryann Gillbee,188,3.4,mgillbee57@psu.edu
Kin Dalloway,189,3.5,kdalloway58@statcounter.com
Caren Lilloe,190,0.3,clilloe59@cargocollective.com
Wilburt Flello,191,1.7,wflello5a@sphinn.com
Maddie Finnick,192,0.7,mfinnick5b@creativecommons.org
Paulita Rubinowitsch,193,2.2,prubinowitsch5c@acquirethisname.com
Gannie Rannigan,194,1.1,grannigan5d@globo.com
Nessa Lages,195,0.7,nlages5e@furl.net
Annetta Slee,196,2.6,aslee5f@smh.com.au
Vanni Dunnico,197,1.5,vdunnico5g@loc.gov
Sterling Plenty,198,0.3,splenty5h@plala.or.jp
Lucy Welham,199,0.7,lwelham5i@printfriendly.com
Constantine Scheu,200,0.9,cscheu5j@simplemachines.org
Irving Etchells,201,2.2,ietchells5k@webnode.com
Gertruda Priel,202,2.2,gpriel5l@multiply.com
Penelopa Heyball,203,1,pheyball5m@weebly.com
Caril Raffon,204,1.4,craffon5n@tuttocitta.it
Arabele Tettley,205,3.8,atettley5o@slate.com
Verile Liebrecht,206,1.1,vliebrecht5p@toplist.cz
Juliana Van Hesteren,207,1.3,jvan5q@altervista.org
Ikey Grandin,208,3.6,igrandin5r@spiegel.de
Kathy Cotty,209,0.6,kcotty5s@bigcartel.com
Lesya Kryzhov,210,3.4,lkryzhov5t@ow.ly
Kristyn Dykins,211,0.9,kdykins5u@bigcartel.com
Arlette Jolin,212,0.9,ajolin5v@columbia.edu
Arabela Ivanshintsev,213,2.5,aivanshintsev5w@slashdot.org
Farrand Sambedge,214,3.4,fsambedge5x@sphinn.com
Claudia Croyden,215,0.3,ccroyden5y@china.com.cn
Markus Brakewell,216,3.6,mbrakewell5z@multiply.com
Craggy Leggate,217,2.4,cleggate60@bizjournals.com
Hermine Inglesent,218,0.5,hinglesent61@issuu.com
Delila Staddom,219,0.4,dstaddom62@redcross.org
Ken Shreenan,220,1.8,kshreenan63@accuweather.com
Joella Vezey,221,3.8,jvezey64@epa.gov
Stesha Feragh,222,1.1,sferagh65@msn.com
Alfonse Eede,223,2.8,aeede66@apache.org
Aidan Coldman,224,1.6,acoldman67@netvibes.com
Rhody Arlow,225,3.4,rarlow68@home.pl
Ava Antonelli,226,2.3,aantonelli69@wordpress.org
Dorita Pinare,227,2.8,dpinare6a@elegantthemes.com
Bertie Ahlf,228,3.7,bahlf6b@pagesperso-orange.fr
Leroi Mayhew,229,1,lmayhew6c@adobe.com
Flossie Postill,230,0.3,fpostill6d@alexa.com
Farrah Dytham,231,1.5,fdytham6e@redcross.org
Avrit Scarman,232,2.7,ascarman6f@epa.gov
Goraud Roston,233,3.8,groston6g@cocolog-nifty.com
Hyacinth Heffernon,234,1.2,hheffernon6h@china.com.cn
Dev Wass,235,2.9,dwass6i@biblegateway.com
Suzanne Radki,236,2.8,sradki6j@imageshack.us
Curcio O'Fogerty,237,1.3,cofogerty6k@berkeley.edu
Vinni Laurant,238,0.1,vlaurant6l@tmall.com
Rasla Sudddard,239,3.6,rsudddard6m@go.com
Robinett Bartoshevich,240,1.6,rbartoshevich6n@tmall.com
Sheila Marcome,241,3.9,smarcome6o@dmoz.org
Goldarina Fullegar,242,3.8,gfullegar6p@ycombinator.com
Tamera Imlen,243,3.4,timlen6q@feedburner.com
Velvet Leitch,244,1.7,vleitch6r@omniture.com
Lura Stiggles,245,0.7,lstiggles6s@ebay.co.uk
Jacobo Gun,246,0.1,jgun6t@craigslist.org
Lynn Headech,247,3,lheadech6u@dion.ne.jp
Isadore Rudolph,248,4,irudolph6v@prweb.com
Daniele Ronisch,249,2.4,dronisch6w@comsenz.com
Ahmed Farleigh,250,3.4,afarleigh6x@harvard.edu
Gwennie Cowans,251,2.1,gcowans6y@alexa.com
Gunther O'Henery,252,1,gohenery6z@ucoz.ru
Hinda Dantesia,253,0.6,hdantesia70@soundcloud.com
Irina Ditter,254,1.2,iditter71@ocn.ne.jp
Pippo Blaisdell,255,1,pblaisdell72@archive.org
Francois Billham,256,0.4,fbillham73@mlb.com
Jolie Bowdidge,257,0.5,jbowdidge74@ucla.edu
Con Fayerbrother,258,3.9,cfayerbrother75@de.vu
Yule Benedyktowicz,259,3.3,ybenedyktowicz76@angelfire.com
Mason Scotchforth,260,3.1,mscotchforth77@gov.uk
Wilhelm Beake,261,0.1,wbeake78@nps.gov
Almeta Hammond,262,1.4,ahammond79@privacy.gov.au
Janeen Mossbee,263,1.8,jmossbee7a@rambler.ru
Marlane Tenniswood,264,0.6,mtenniswood7b@cpanel.net
Andrea Jankiewicz,265,2,ajankiewicz7c@mozilla.org
Willamina Bachman,266,1.4,wbachman7d@wikispaces.com
Wilt Tincey,267,2.6,wtincey7e@whitehouse.gov
Harold Afield,268,2.9,hafield7f@51.la
Rosalynd Goligher,269,1.5,rgoligher7g@chronoengine.com
Debbi Bidewel,270,3.1,dbidewel7h@foxnews.com
Cairistiona Sapsford,271,0.6,csapsford7i@xrea.com
Joanna Kirkup,272,2.4,jkirkup7j@wordpress.com
Ricki Maurice,273,3.7,rmaurice7k@jiathis.com
Gwendolin Boyde,274,3.7,gboyde7l@ox.ac.uk
Wilow Tricker,275,0.3,wtricker7m@mashable.com
Anica Moorcroft,276,1.9,amoorcroft7n@tmall.com
Donny Avieson,277,1.1,davieson7o@msu.edu
Susette Dorrins,278,1,sdorrins7p@yellowpages.com
Sauveur Shepcutt,279,2.2,sshepcutt7q@tumblr.com
Olympe Benardet,280,0.7,obenardet7r@baidu.com
Corbett Peplow,281,0.6,cpeplow7s@histats.com
Shamus Fazackerley,282,1.1,sfazackerley7t@bloglines.com
Worden Hriinchenko,283,2.2,whriinchenko7u@1und1.de
Clerkclaude Keenleyside,284,1.7,ckeenleyside7v@wikispaces.com
Lonnard Morcomb,285,2.4,lmorcomb7w@jimdo.com
Cody Danick,286,1.1,cdanick7x@ovh.net
Mabel Jeens,287,1.4,mjeens7y@illinois.edu
Caryn Coil,288,2.5,ccoil7z@forbes.com
Zebadiah Middlemiss,289,0.5,zmiddlemiss80@mysql.com
Mark Janiak,290,0,mjaniak81@trellian.com
Rayshell Grimwad,291,2.4,rgrimwad82@apple.com
Dwayne Churly,292,1.4,dchurly83@xinhuanet.com
Aldric O' Meara,293,0.4,ao84@adobe.com
Aldis Rollings,294,1,arollings85@multiply.com
Cammy Leverington,295,3.5,cleverington86@earthlink.net
Gun Truscott,296,0.5,gtruscott87@twitter.com
Jillene Cafferty,297,1.4,jcafferty88@house.gov
Alberto Tedstone,298,0.6,atedstone89@pcworld.com
Herve Farlane,299,3.6,hfarlane8a@illinois.edu
Florette McElhinney,300,0.6,fmcelhinney8b@ask.com
Thorstein Marco,301,3.7,tmarco8c@yahoo.co.jp
Dolli Dowgill,302,0.8,ddowgill8d@blogspot.com
Adria Betho,303,1.7,abetho8e@taobao.com
Cindra Braunds,304,2.7,cbraunds8f@stumbleupon.com
Bram Raynor,305,3.3,braynor8g@oracle.com
Zandra McGavin,306,1.5,zmcgavin8h@yolasite.com
Josefina Di Giorgio,307,1.1,jdi8i@hubpages.com
Harbert Hilley,308,1.3,hhilley8j@ustream.tv
Ginni Worsalls,309,1,gworsalls8k@soup.io
Karilynn Greasley,310,2.7,kgreasley8l@guardian.co.uk
Isabel Stallworth,311,1,istallworth8m@multiply.com
Antonia Wingeat,312,1,awingeat8n@zimbio.com
Susann Broadbridge,313,0.1,sbroadbridge8o@miitbeian.gov.cn
Griffy Gagen,314,1.8,ggagen8p@geocities.com
Igor Skillman,315,1.2,iskillman8q@columbia.edu
Carolyne Lundon,316,2.5,clundon8r@miitbeian.gov.cn
Toiboid Daventry,317,0.9,tdaventry8s@arstechnica.com
Noach McCaskell,318,3.8,nmccaskell8t@kickstarter.com
Gabie Baud,319,1.2,gbaud8u@cam.ac.uk
Binny Hathwood,320,2.4,bhathwood8v@zimbio.com
Desmond Baelde,321,2.2,dbaelde8w@google.ca
Abbie MacSharry,322,2.4,amacsharry8x@posterous.com
Richard McShane,323,1,rmcshane8y@huffingtonpost.com
Terrel Godsal,324,3.1,tgodsal8z@china.com.cn
Aurelie Dance,325,2.6,adance90@prlog.org
Nicol Newbury,326,3.4,nnewbury91@free.fr
Herminia Joint,327,3.1,hjoint92@ucla.edu
Brewster Galilee,328,2.1,bgalilee93@ed.gov
Stevana Pauncefoot,329,2,spauncefoot94@qq.com
Morly Sillwood,330,0.3,msillwood95@is.gd
Nathalie O'Loinn,331,1.4,noloinn96@wiley.com
Gabbie Skinley,332,0.6,gskinley97@google.com
Dominic Becke,333,1.9,dbecke98@theguardian.com
Thekla Clarycott,334,3.1,tclarycott99@hugedomains.com
Godwin Precious,335,1,gprecious9a@vkontakte.ru
Felipe Westwick,336,3.8,fwestwick9b@skype.com
Eadie Americi,337,3.8,eamerici9c@issuu.com
Shepperd Ferencowicz,338,2.4,sferencowicz9d@webmd.com
Brigg Basnett,339,3.8,bbasnett9e@nsw.gov.au
Decca Hobbing,340,0,dhobbing9f@studiopress.com
Harwilll Applegarth,341,0,happlegarth9g@time.com
Parnell Francis,342,3.3,pfrancis9h@vimeo.com
Garland Biaggelli,343,2.2,gbiaggelli9i@google.nl
Maryanne Matley,344,0.3,mmatley9j@irs.gov
Didi Nani,345,0.1,dnani9k@cocolog-nifty.com
Aurea Penreth,346,2.1,apenreth9l@nyu.edu
Leeann Karby,347,1.3,lkarby9m@discovery.com
Laverna Giacopetti,348,3.2,lgiacopetti9n@wikispaces.com
Cammi Eringey,349,0,ceringey9o@webeden.co.uk
Kerrin Cyster,350,1,kcyster9p@forbes.com
Ransell Rowlson,351,3.3,rrowlson9q@google.it
Kitti Brightie,352,1.1,kbrightie9r@etsy.com
Elyn Wyke,353,2.1,ewyke9s@home.pl
Maggi Giddons,354,0.7,mgiddons9t@tamu.edu
Reed Mardoll,355,3.2,rmardoll9u@washington.edu
Saxon Marshfield,356,1.2,smarshfield9v@independent.co.uk
Birch Riceards,357,3.7,briceards9w@yale.edu
Wilmer Brusin,358,3.3,wbrusin9x@google.cn
Jourdan Skoyles,359,2.1,jskoyles9y@home.pl
Wilhelm Laguerre,360,2.5,wlaguerre9z@cnet.com
Wilt Pyzer,361,1.2,wpyzera0@rambler.ru
Tootsie Denton,362,2.3,tdentona1@plala.or.jp
Guendolen Kirley,363,1.5,gkirleya2@skype.com
Karlotta Benka,364,1.6,kbenkaa3@mit.edu
Lizzie Martygin,365,1.4,lmartygina4@europa.eu
Stesha Cleal,366,3.4,scleala5@xrea.com
Siana Hablet,367,3.4,shableta6@live.com
Ann Antonnikov,368,3.6,aantonnikova7@ebay.co.uk
Virginie Palatino,369,0.7,vpalatinoa8@alibaba.com
Ryann Benesevich,370,1.8,rbenesevicha9@ihg.com
Eduino Devoy,371,3,edevoyaa@paypal.com
Jerrylee Bukac,372,3.8,jbukacab@yale.edu
Huey Cordelette,373,2.7,hcordeletteac@bluehost.com
Eolanda Brugger,374,3.5,ebruggerad@archive.org
Denis Yarwood,375,0.9,dyarwoodae@last.fm
Darrell Durnford,376,2.2,ddurnfordaf@amazon.co.jp
Ethelred Swait,377,3.1,eswaitag@deliciousdays.com
Aldrich Gotcliff,378,0.1,agotcliffah@icq.com
Nels Addionizio,379,3.8,naddionizioai@trellian.com
Obidiah Nelligan,380,3.9,onelliganaj@google.com.hk
Merwin Bernaldo,381,1.7,mbernaldoak@nydailynews.com
Leigh Varfalameev,382,3.5,lvarfalameeval@bandcamp.com
Willem Emmatt,383,2.4,wemmattam@free.fr
Paton Godball,384,3.4,pgodballan@rakuten.co.jp
Goraud Wolters,385,3.7,gwoltersao@discuz.net
Angelique Goldup,386,0.8,agoldupap@bloomberg.com
Hyman Murdie,387,4,hmurdieaq@ebay.co.uk
Winslow Bauldry,388,1.8,wbauldryar@meetup.com
Jobey Hollyer,389,3.1,jhollyeras@oracle.com
Cirstoforo Marte,390,2.5,cmarteat@hexun.com
Elberta Proffer,391,2.8,eprofferau@ucoz.com
Zsa zsa Portail,392,0.6,zzsaav@nsw.gov.au
Jacinta Struttman,393,2.9,jstruttmanaw@usa.gov
Mirabel Dougherty,394,2,mdoughertyax@e-recht24.de
Reuven Handman,395,1.6,rhandmanay@umn.edu
Patrick Czaple,396,1,pczapleaz@google.de
Gussy Emblen,397,3.4,gemblenb0@netscape.com
Clarie McDill,398,1,cmcdillb1@epa.gov
Lizette Ryrie,399,3,lryrieb2@gnu.org
Kalle Bunch,400,2.9,kbunchb3@vk.com
Murielle Burris,401,1.7,mburrisb4@wiley.com
Marielle Wingeatt,402,0.9,mwingeattb5@t.co
Cort Arundel,403,2.4,carundelb6@unblog.fr
Anastasie Newlands,404,2.3,anewlandsb7@sitemeter.com
Lila Oldaker,405,3,loldakerb8@woothemes.com
Caitrin D'Aulby,406,3.9,cdaulbyb9@elegantthemes.com
Kathe Dutnall,407,2.1,kdutnallba@elpais.com
Rafaelita Chark,408,3.9,rcharkbb@washingtonpost.com
Mehetabel Tregale,409,3.2,mtregalebc@cbslocal.com
Rudy Pourvoieur,410,0.8,rpourvoieurbd@booking.com
Ryan Stapleford,411,3.5,rstaplefordbe@boston.com
Stormy Critch,412,3.6,scritchbf@photobucket.com
Dell Croll,413,2.4,dcrollbg@mapquest.com
Dedra Yurkevich,414,3.9,dyurkevichbh@infoseek.co.jp
Gnni Troman,415,0.2,gtromanbi@time.com
Morgun Holtaway,416,0.6,mholtawaybj@e-recht24.de
Rasla Sharer,417,2.2,rsharerbk@google.nl
Reggie O'Scannill,418,3.1,roscannillbl@slashdot.org
Demetria Nassy,419,2,dnassybm@sohu.com
Deni Gepp,420,0.1,dgeppbn@comcast.net
Carlos Brasseur,421,2.8,cbrasseurbo@reverbnation.com
Elysee Denidge,422,0.8,edenidgebp@wisc.edu
Cher Mallindine,423,2.9,cmallindinebq@accuweather.com
Holli Capp,424,0.4,hcappbr@liveinternet.ru
Ali Sowray,425,0.6,asowraybs@fda.gov
Berk Moxon,426,0.5,bmoxonbt@usgs.gov
Free Curwen,427,0.9,fcurwenbu@java.com
Celine Gomes,428,1.2,cgomesbv@facebook.com
Oby Aspey,429,3.6,oaspeybw@state.gov
Sayers Bullas,430,0.1,sbullasbx@sciencedirect.com
Monty Cheavin,431,2.9,mcheavinby@sogou.com
Betty Simone,432,0.2,bsimonebz@google.com.au
Archer Cairney,433,2.7,acairneyc0@usda.gov
Amii Lomas,434,4,alomasc1@amazon.co.uk
Cooper Gidney,435,3.4,cgidneyc2@mapquest.com
Evered Costellow,436,0.1,ecostellowc3@go.com
Tades Hawkings,437,2.7,thawkingsc4@kickstarter.com
Leyla Harber,438,3.6,lharberc5@ebay.com
Maximilien Adamolli,439,3.7,madamollic6@fc2.com
Brnaby Jordin,440,4,bjordinc7@sina.com.cn
Shurwood Congrave,441,3,scongravec8@google.com.au
Bella Buttrick,442,0.3,bbuttrickc9@nature.com
Joycelin Joicey,443,1.1,jjoiceyca@wordpress.com
Lenora Van Arsdall,444,1.4,lvancb@baidu.com
Delilah Summerlie,445,1.6,dsummerliecc@123-reg.co.uk
Genevieve Lukehurst,446,2.5,glukehurstcd@uol.com.br
Sherwynd Hansbury,447,2.8,shansburyce@drupal.org
Lockwood Harden,448,2.3,lhardencf@bing.com
Adelina Boocock,449,3.8,aboocockcg@linkedin.com
Bourke Ferriby,450,0.1,bferribych@infoseek.co.jp
Cozmo Mulrean,451,1.2,cmulreanci@de.vu
Stephannie Figge,452,1.4,sfiggecj@livejournal.com
Sonnnie Lamberteschi,453,1.3,slamberteschick@geocities.jp
Kali Blazhevich,454,3.7,kblazhevichcl@huffingtonpost.com
Elane Dofty,455,3.7,edoftycm@marriott.com
Odessa Gidden,456,1.2,ogiddencn@shop-pro.jp
Bonny Luckham,457,3.8,bluckhamco@princeton.edu
Mari Marples,458,3.3,mmarplescp@meetup.com
Bert Granville,459,2.7,bgranvillecq@dedecms.com
Yank Leah,460,2.2,yleahcr@merriam-webster.com
Irwin Hadigate,461,0.5,ihadigatecs@cocolog-nifty.com
Philis Tadman,462,2.6,ptadmanct@apple.com
Thatcher Middlemiss,463,1.9,tmiddlemisscu@topsy.com
Glynn Werrilow,464,0.2,gwerrilowcv@cyberchimps.com
Cecile Binestead,465,2.5,cbinesteadcw@tamu.edu
Lavinie Teresia,466,1.5,lteresiacx@csmonitor.com
Doy Schuchmacher,467,1.8,dschuchmachercy@nyu.edu
Marlin Bending,468,2.7,mbendingcz@squarespace.com
Chadd Aughton,469,3.2,caughtond0@deliciousdays.com
Hunter Reinert,470,3.2,hreinertd1@telegraph.co.uk
Hercule O'Donnelly,471,3.6,hodonnellyd2@goo.gl
Ethe Dovydenas,472,3.2,edovydenasd3@goo.ne.jp
Leonanie Congrave,473,0.6,lcongraved4@fema.gov
Myrle Merriton,474,4,mmerritond5@illinois.edu
Perkin McQuaide,475,3.6,pmcquaided6@dedecms.com
Coleman Wingeatt,476,2.5,cwingeattd7@webeden.co.uk
Kerby Ambroix,477,1.8,kambroixd8@webs.com
Abbey Mattingly,478,3.6,amattinglyd9@bandcamp.com
Celka Wadly,479,2.1,cwadlyda@nationalgeographic.com
Quinta Ketchen,480,2.1,qketchendb@miibeian.gov.cn
Win Robelin,481,3.6,wrobelindc@webnode.com
Nikolos MacDiarmond,482,2.8,nmacdiarmonddd@simplemachines.org
Anjela Vellden,483,3.7,avelldende@mlb.com
Massimo Flement,484,3,mflementdf@statcounter.com
Wood Trevor,485,0.1,wtrevordg@virginia.edu
Lucilia Measor,486,2.7,lmeasordh@blog.com
Bradney Tootal,487,3.3,btootaldi@simplemachines.org
Kata Pettigree,488,3.2,kpettigreedj@theglobeandmail.com
Eugenio Ivoshin,489,2.1,eivoshindk@google.com
Lorne Sheerin,490,2.9,lsheerindl@columbia.edu
Kendall Regina,491,0.5,kreginadm@ted.com
Diane-marie Collicott,492,2.7,dcollicottdn@bloomberg.com
Myra Woolatt,493,1.1,mwoolattdo@4shared.com
Gerrie Farrow,494,2.4,gfarrowdp@princeton.edu
Margery Jiri,495,0.8,mjiridq@technorati.com
Chrissie Aleshkov,496,1.4,caleshkovdr@unc.edu
Albrecht Calverley,497,1,acalverleyds@creativecommons.org
Rutherford Petrie,498,3.8,rpetriedt@bloomberg.com
Grover Bollum,499,1.2,gbollumdu@abc.net.au
Melodee Gleaves,500,1.2,mgleavesdv@stanford.edu
Deb Calder,501,2.4,dcalderdw@flickr.com
Karena Bottby,502,0.5,kbottbydx@biglobe.ne.jp
Edi Heindl,503,0.2,eheindldy@adobe.com
Jarret Brawley,504,1.8,jbrawleydz@nbcnews.com
Mortie Melloy,505,2.2,mmelloye0@phoca.cz
Fleurette Woolfitt,506,3.2,fwoolfitte1@ebay.com
Philippe Strafen,507,0.8,pstrafene2@comsenz.com
Edik Scholl,508,2.5,escholle3@linkedin.com
Gwendolyn Jochanany,509,3.5,gjochananye4@usatoday.com
Linell Huggin,510,3.1,lhuggine5@google.com.hk
Georges Chatfield,511,2.6,gchatfielde6@freewebs.com
Margarete Gemnett,512,0.3,mgemnette7@live.com
Sergeant Elloway,513,1.1,sellowaye8@constantcontact.com
Marcus Elden,514,2.4,meldene9@cyberchimps.com
Joly Tzuker,515,2.2,jtzukerea@imgur.com
Jermaine Mikalski,516,1.5,jmikalskieb@dot.gov
Ebba Siggee,517,3.8,esiggeeec@addtoany.com
Kimbra Woodberry,518,0.9,kwoodberryed@nps.gov
Ramsey Hryniewicz,519,0.4,rhryniewiczee@cnet.com
Town Estick,520,2.8,testickef@flavors.me
Manda MacCart,521,1.4,mmaccarteg@time.com
Sampson Fake,522,0.1,sfakeeh@163.com
Bea Lindeboom,523,1.5,blindeboomei@stanford.edu
Bancroft Sant,524,3.8,bsantej@arstechnica.com
Maribelle Ahren,525,3.7,mahrenek@imdb.com
Dynah Weson,526,1.1,dwesonel@about.me
Denna Avesque,527,1.7,davesqueem@cornell.edu
Algernon Sprules,528,1.9,asprulesen@forbes.com
Terrie Mahady,529,2.4,tmahadyeo@wikia.com
Ariel Cooney,530,2.6,acooneyep@nsw.gov.au
Guy Cinavas,531,2.7,gcinavaseq@jalbum.net
Emilio Bradane,532,1.4,ebradaneer@craigslist.org
Amaleta Martynka,533,3.6,amartynkaes@so-net.ne.jp
Adamo Leeuwerink,534,0.9,aleeuwerinket@clickbank.net
Andra Booy,535,2.6,abooyeu@nature.com
Mildrid Rainbird,536,3.7,mrainbirdev@blogspot.com
Karrah Trustrie,537,3.2,ktrustrieew@mlb.com
Domini Quirke,538,0.5,dquirkeex@opera.com
Sonnie Eburne,539,1.5,seburneey@wisc.edu
Raddy Dimblebee,540,2.2,rdimblebeeez@edublogs.org
Berrie Wherton,541,3.6,bwhertonf0@4shared.com
Davie Goodnow,542,1.9,dgoodnowf1@istockphoto.com
Janella Eley,543,1.8,jeleyf2@nbcnews.com
Lois Durtnel,544,1,ldurtnelf3@issuu.com
Pablo MacLucais,545,3.6,pmaclucaisf4@google.com
Raimund Symcoxe,546,3.7,rsymcoxef5@biglobe.ne.jp
Stoddard Dimsdale,547,0.6,sdimsdalef6@msu.edu
Issy Kohrs,548,3,ikohrsf7@histats.com
Norby Gravells,549,1.2,ngravellsf8@chronoengine.com
Kayley Mossbee,550,0.7,kmossbeef9@cloudflare.com
Carson Meale,551,1.3,cmealefa@ft.com
Shem Fleote,552,1.6,sfleotefb@shinystat.com
Mirella Saphir,553,0.3,msaphirfc@marriott.com
Leigha Silverwood,554,1.4,lsilverwoodfd@dagondesign.com
Homerus O' Mahony,555,0.1,hofe@china.com.cn
Iver Mettetal,556,2.5,imettetalff@foxnews.com
Danni Fosberry,557,1,dfosberryfg@google.nl
Stearn Dolligon,558,1.1,sdolligonfh@istockphoto.com
Flossi Pineaux,559,2.2,fpineauxfi@parallels.com
Corette Bendik,560,2.2,cbendikfj@ted.com
Newton Skitt,561,3.5,nskittfk@yandex.ru
Gary Wilstead,562,2.3,gwilsteadfl@arstechnica.com
Munroe Boston,563,2.8,mbostonfm@xrea.com
Minni Ashment,564,3.6,mashmentfn@mac.com
Maurise Breton,565,2.1,mbretonfo@liveinternet.ru
Kerstin Killelay,566,3.4,kkillelayfp@weather.com
Jammal Osmon,567,1.3,josmonfq@com.com
Theodore Bream,568,0.6,tbreamfr@dot.gov
Helaina Knapton,569,3.9,hknaptonfs@java.com
Franklyn Largan,570,2.8,flarganft@oaic.gov.au
Rena Broun,571,1.8,rbrounfu@geocities.jp
Brunhilde Lynds,572,2.9,blyndsfv@newsvine.com
Bay Nannetti,573,1,bnannettifw@hibu.com
Marcile Shimmin,574,2,mshimminfx@creativecommons.org
Barb Cooksey,575,0.1,bcookseyfy@google.ca
Levy Goghin,576,1.9,lgoghinfz@fda.gov
Kellyann De Filippis,577,0.4,kdeg0@marriott.com
Lucienne Harkins,578,4,lharkinsg1@icq.com
Del Sayse,579,0.4,dsayseg2@unblog.fr
Harriett Gillmor,580,3.2,hgillmorg3@ovh.net
Brande Maeer,581,2.3,bmaeerg4@huffingtonpost.com
Edie McElane,582,2.5,emcelaneg5@webeden.co.uk
Franciska Yurenev,583,0.9,fyurenevg6@dion.ne.jp
Barry Scotter,584,0.4,bscotterg7@phpbb.com
Leonanie Daines,585,2.5,ldainesg8@mac.com
Herman Simonds,586,3.5,hsimondsg9@tiny.cc
Adrianna Stalman,587,1.6,astalmanga@ezinearticles.com
Stephani Jendrusch,588,3.1,sjendruschgb@purevolume.com
Rahel Brecknall,589,0.7,rbrecknallgc@hud.gov
Kain Haet,590,2.3,khaetgd@homestead.com
Rustin Twinning,591,3,rtwinningge@washingtonpost.com
Even Coalbran,592,0.6,ecoalbrangf@geocities.jp
Delainey Biaggioni,593,3.1,dbiaggionigg@phoca.cz
Harmon Edmett,594,1.1,hedmettgh@hud.gov
Amos Febvre,595,2,afebvregi@indiatimes.com
Tomasine Stilling,596,2.7,tstillinggj@bbb.org
Paolo Boost,597,1.4,pboostgk@phpbb.com
Orella Tregunna,598,3.1,otregunnagl@jiathis.com
Adey Smewin,599,0.5,asmewingm@washingtonpost.com
Ramsey Manilo,600,1.3,rmanilogn@so-net.ne.jp
Wenona Rheam,601,3,wrheamgo@wunderground.com
Elliott Bowell,602,1.6,ebowellgp@github.io
Netta Blakiston,603,1.9,nblakistongq@arizona.edu
Andros Gotcliffe,604,2.6,agotcliffegr@ox.ac.uk
Corry Castagno,605,3.8,ccastagnogs@ca.gov
Sigismond Catcherside,606,0.9,scatchersidegt@bizjournals.com
Joletta Whelan,607,2.6,jwhelangu@twitter.com
Merrill Beirne,608,2.4,mbeirnegv@infoseek.co.jp
Gard Wolford,609,2.2,gwolfordgw@nih.gov
Worth Thain,610,1.8,wthaingx@upenn.edu
Sisile Abramson,611,2.8,sabramsongy@themeforest.net
Odie Gilliver,612,0.2,ogillivergz@va.gov
Charley Junkinson,613,0.2,cjunkinsonh0@ehow.com
Bertie Tommeo,614,1.9,btommeoh1@symantec.com
Carlene Suttell,615,2.6,csuttellh2@goo.gl
Waldemar Swynley,616,3.3,wswynleyh3@telegraph.co.uk
Bronnie Chancelier,617,3.7,bchancelierh4@msn.com
Murvyn Mulhall,618,3.2,mmulhallh5@biblegateway.com
Jesselyn Epilet,619,1.2,jepileth6@cdc.gov
Valli Marjoram,620,1.4,vmarjoramh7@bbb.org
Tallulah Bicheno,621,2.4,tbichenoh8@desdev.cn
Arty Fulcher,622,0.2,afulcherh9@sciencedaily.com
Calhoun Sammut,623,2.7,csammutha@bing.com
Drugi Mechell,624,0.2,dmechellhb@nymag.com
Bar Wealleans,625,1.7,bwealleanshc@foxnews.com
Nance Muldowney,626,0.4,nmuldowneyhd@google.pl
Casandra Treweela,627,0.8,ctreweelahe@engadget.com
Elora Waind,628,3.2,ewaindhf@bloomberg.com
Charley Niblock,629,0.7,cniblockhg@dell.com
Trista Dunsford,630,1.6,tdunsfordhh@histats.com
Patrick Stansbie,631,1.9,pstansbiehi@netlog.com
Abe Langdon,632,2.9,alangdonhj@cloudflare.com
Marya Siehard,633,0,msiehardhk@issuu.com
Gareth Kondrachenko,634,1.7,gkondrachenkohl@flickr.com
Angelico Domegan,635,0.3,adomeganhm@nifty.com
Buddie O'Leahy,636,3.7,boleahyhn@ycombinator.com
Annamaria Bourton,637,2.2,abourtonho@ucla.edu
Kellia Brecknock,638,0.3,kbrecknockhp@ed.gov
Leisha O'Skehan,639,0.4,loskehanhq@goo.gl
Arliene Ciccotto,640,1.7,aciccottohr@yahoo.co.jp
Catarina Mathevet,641,2.2,cmatheveths@simplemachines.org
Alexio Messier,642,1.2,amessierht@infoseek.co.jp
Giorgi Samber,643,1.8,gsamberhu@walmart.com
Fielding Hooban,644,1.1,fhoobanhv@craigslist.org
Drucill Buchanan,645,3.4,dbuchananhw@slashdot.org
Harwilll Piggrem,646,2.6,hpiggremhx@elpais.com
Alon Goodband,647,1.2,agoodbandhy@alibaba.com
Oates Marlon,648,1.4,omarlonhz@plala.or.jp
Jabez Barter,649,3.8,jbarteri0@seesaa.net
Deane Epine,650,1.9,depinei1@shutterfly.com
Herman Paulmann,651,0.8,hpaulmanni2@mediafire.com
Vittoria Pithie,652,3.2,vpithiei3@bloglovin.com
Vilma Crab,653,3.6,vcrabi4@surveymonkey.com
Wren Husthwaite,654,3.8,whusthwaitei5@foxnews.com
Lannie Jeannin,655,3.3,ljeannini6@senate.gov
Patsy Treven,656,2.3,ptreveni7@cbslocal.com
Lonni Lere,657,3.1,llerei8@ftc.gov
Rosina Gath,658,0.4,rgathi9@opera.com
Constantin Giannini,659,1.6,cgianniniia@qq.com
Lazare Isgate,660,2.2,lisgateib@joomla.org
Ariel Zanicchi,661,1.6,azanicchiic@ehow.com
Jeana Orro,662,3.8,jorroid@omniture.com
Erina Bartoloma,663,1.4,ebartolomaie@jigsy.com
Jasper Kohnert,664,1.2,jkohnertif@list-manage.com
Zachariah Dooley,665,0.3,zdooleyig@answers.com
Emmit Casse,666,1,ecasseih@census.gov
Lorin Barthram,667,1.5,lbarthramii@example.com
Pearl Lyness,668,2.4,plynessij@list-manage.com
Marcellus L' Anglois,669,0.9,mlik@admin.ch
Kinna Barrow,670,1.6,kbarrowil@free.fr
Conant Gantz,671,0.4,cgantzim@lycos.com
Bone Breffitt,672,3.1,bbreffittin@timesonline.co.uk
Penny Seggie,673,1.6,pseggieio@mysql.com
Elenore Bartolacci,674,3,ebartolacciip@biglobe.ne.jp
Glenden Wadmore,675,0.5,gwadmoreiq@de.vu
Letti Chagg,676,3,lchaggir@ocn.ne.jp
Janith Chinnery,677,3.6,jchinneryis@usgs.gov
Gwendolen Hesser,678,3.6,ghesserit@businesswire.com
Dionne Gribble,679,0.9,dgribbleiu@epa.gov
Gonzales Forge,680,2.1,gforgeiv@tmall.com
Zebulen Gartery,681,3.1,zgarteryiw@php.net
Tildie Tomczynski,682,1.3,ttomczynskiix@cbslocal.com
Quintina Questier,683,0.5,qquestieriy@clickbank.net
Esmeralda Andrzejowski,684,3,eandrzejowskiiz@ebay.co.uk
Cosme Tuma,685,3.9,ctumaj0@gravatar.com
Hazel Bradie,686,1.5,hbradiej1@vk.com
Nannie Djokovic,687,1.3,ndjokovicj2@umn.edu
Lilas Cleland,688,1.3,lclelandj3@wiley.com
Linnell Organer,689,3.8,lorganerj4@elpais.com
Grier McArley,690,2.5,gmcarleyj5@slideshare.net
Zachery Poppy,691,3.8,zpoppyj6@jugem.jp
Olga Cianelli,692,3.6,ocianellij7@digg.com
Faina Fergie,693,2.3,ffergiej8@bloglovin.com
Drugi Clemo,694,1.5,dclemoj9@go.com
Kathryne Twells,695,1.2,ktwellsja@salon.com
Diarmid Eates,696,2.5,deatesjb@samsung.com
Phyllys Aire,697,3.1,pairejc@stumbleupon.com
Randi Thom,698,1.2,rthomjd@usda.gov
Ware Skrzynski,699,1.7,wskrzynskije@npr.org
Birdie Huyge,700,1.6,bhuygejf@mail.ru
Dulcy Maris,701,4,dmarisjg@feedburner.com
Margy Stainsby,702,2.4,mstainsbyjh@hugedomains.com
Aguistin Armitage,703,2.3,aarmitageji@oakley.com
Karilynn Katzmann,704,3.8,kkatzmannjj@fastcompany.com
Thoma Dutton,705,0.8,tduttonjk@goo.ne.jp
Merry Ratledge,706,1,mratledgejl@ow.ly
Murdock Tippin,707,1.7,mtippinjm@nbcnews.com
Valli Jacqueminet,708,1.3,vjacqueminetjn@bandcamp.com
Idaline Carlick,709,2.7,icarlickjo@geocities.com
Ferdinanda Remington,710,1.9,fremingtonjp@bing.com
Estell Shipston,711,3.2,eshipstonjq@usnews.com
Cale McGowran,712,3.7,cmcgowranjr@ebay.com
Noami Verling,713,3.3,nverlingjs@scribd.com
Vevay M'Chirrie,714,2.9,vmchirriejt@techcrunch.com
Bevin Cottu,715,2.2,bcottuju@storify.com
Cameron Groundwator,716,1.6,cgroundwatorjv@fotki.com
Raymond Duckworth,717,3.2,rduckworthjw@is.gd
Yehudi Bisson,718,3.8,ybissonjx@businesswire.com
Mel Claiden,719,3.7,mclaidenjy@ehow.com
Iona Gabbett,720,2.3,igabbettjz@accuweather.com
Adi Ramshay,721,1.3,aramshayk0@patch.com
Linda Worboy,722,3.9,lworboyk1@zimbio.com
Doy Chetwin,723,3.3,dchetwink2@homestead.com
Rollie Daley,724,3,rdaleyk3@time.com
Darda Pullen,725,3.3,dpullenk4@barnesandnoble.com
Ravid Rominov,726,0.8,rrominovk5@sohu.com
Shannen Farriar,727,2.3,sfarriark6@youku.com
Adrian MacPaden,728,0.5,amacpadenk7@bing.com
Maxy Yurikov,729,2.2,myurikovk8@nyu.edu
Delphine Matonin,730,0.3,dmatonink9@homestead.com
Sayres Summerlee,731,0.2,ssummerleeka@rediff.com
Dorey Thumann,732,1.2,dthumannkb@uol.com.br
Adelind Marco,733,1.5,amarcokc@wp.com
Claire Coulthard,734,3,ccoulthardkd@plala.or.jp
Constantina Bampford,735,1.9,cbampfordke@omniture.com
Lura Pettersen,736,0.1,lpettersenkf@abc.net.au
Nikita Zellmer,737,3.5,nzellmerkg@yolasite.com
Toby Olivella,738,0.8,tolivellakh@posterous.com
Xaviera Paskerful,739,0.9,xpaskerfulki@github.io
Olag MacTrustey,740,3.7,omactrusteykj@japanpost.jp
Markus Pert,741,1.9,mpertkk@pagesperso-orange.fr
Wat Dominick,742,0.7,wdominickkl@360.cn
Aylmar Singleton,743,3.5,asingletonkm@economist.com
Thalia Hampson,744,0.7,thampsonkn@biglobe.ne.jp
Mariele Fenkel,745,1.9,mfenkelko@comcast.net
Emmeline Armytage,746,3.1,earmytagekp@over-blog.com
Rocky Legon,747,3.2,rlegonkq@prlog.org
Tandie O'Lahy,748,3,tolahykr@sbwire.com
Alf Mordecai,749,0.8,amordecaiks@nps.gov
Jarret Hargreave,750,1.6,jhargreavekt@cmu.edu
Alex Rowlatt,751,2.8,arowlattku@fotki.com
Steffane Baudy,752,2.3,sbaudykv@washington.edu
Laetitia Paslow,753,2.6,lpaslowkw@jigsy.com
Melamie Akenhead,754,0.7,makenheadkx@latimes.com
Ginger Leele,755,0.7,gleeleky@liveinternet.ru
Eadmund Phorsby,756,1.1,ephorsbykz@vkontakte.ru
Ole Bengal,757,2.2,obengall0@google.com.hk
Wilden Farnsworth,758,3.7,wfarnsworthl1@dyndns.org
Michel Butland,759,3.8,mbutlandl2@ustream.tv
Codie Tyas,760,3.5,ctyasl3@paypal.com
Hoyt Goulston,761,3.5,hgoulstonl4@noaa.gov
Ingaborg Tredgold,762,1.1,itredgoldl5@soundcloud.com
Winna Janas,763,2.2,wjanasl6@posterous.com
Derron Yalden,764,0.2,dyaldenl7@amazon.co.jp
Ileana Buessen,765,2.9,ibuessenl8@biblegateway.com
Ricca Undrill,766,1.7,rundrilll9@jiathis.com
Cleve Barabisch,767,3,cbarabischla@webmd.com
Pegeen Chung,768,2.6,pchunglb@netvibes.com
Christie Kornas,769,1.7,ckornaslc@shutterfly.com
Whitby Kilford,770,3.1,wkilfordld@ihg.com
Agnesse MacNaughton,771,1.9,amacnaughtonle@usnews.com
Keith Chretien,772,2.8,kchretienlf@tmall.com
Corina Macek,773,2.1,cmaceklg@flickr.com
Muhammad di Rocca,774,2.1,mdilh@4shared.com
Phylis Minchinton,775,2.7,pminchintonli@t-online.de
Bank Siflet,776,1.8,bsifletlj@google.cn
Saxe Guinn,777,1.1,sguinnlk@ocn.ne.jp
Dexter Terrey,778,0.4,dterreyll@unblog.fr
Dasha Pervew,779,2.8,dpervewlm@xrea.com
Spenser Spatoni,780,1.6,sspatoniln@patch.com
Cacilie Fitzmaurice,781,1,cfitzmauricelo@economist.com
Isacco Potticary,782,0.8,ipotticarylp@wiley.com
Miller Jenoure,783,3.3,mjenourelq@rediff.com
Niall Dobrowolski,784,2.5,ndobrowolskilr@bbc.co.uk
Eran Arnaudi,785,3.2,earnaudils@howstuffworks.com
Celestine Szach,786,1.5,cszachlt@ezinearticles.com
Denise Braizier,787,4,dbraizierlu@samsung.com
Isabel Tingcomb,788,1.2,itingcomblv@intel.com
Modesty Massard,789,0.3,mmassardlw@list-manage.com
Jonell Blurton,790,0.7,jblurtonlx@theglobeandmail.com
Liane Hymer,791,0.7,lhymerly@washingtonpost.com
Kay Saice,792,3.6,ksaicelz@businessweek.com
Tate Weems,793,3.3,tweemsm0@opera.com
Boyce Twelftree,794,2.7,btwelftreem1@godaddy.com
Hayyim Icom,795,1.8,hicomm2@tumblr.com
Fancy Piborn,796,3.7,fpibornm3@wikia.com
Devlin Vautrey,797,1.5,dvautreym4@techcrunch.com
Angelique Sutherden,798,1.5,asutherdenm5@devhub.com
Aylmer Scoggins,799,2.9,ascogginsm6@creativecommons.org
Seth Badger,800,3.8,sbadgerm7@nhs.uk
Jennilee Watkins,801,3.7,jwatkinsm8@sun.com
Pascal Wellsman,802,4,pwellsmanm9@nsw.gov.au
Desdemona Oswick,803,3.1,doswickma@github.com
Wildon Pringer,804,3.7,wpringermb@bizjournals.com
Connor Echalier,805,0.7,cechaliermc@salon.com
Shoshanna Rose,806,2.6,srosemd@bravesites.com
Tamas Gorham,807,3.3,tgorhamme@blogspot.com
Kingsley Conquest,808,0.1,kconquestmf@mapquest.com
Langsdon Abbatt,809,2.2,labbattmg@seesaa.net
Lynett Thurby,810,1.8,lthurbymh@arstechnica.com
Gertie Eddowes,811,2.8,geddowesmi@umich.edu
Dodie Fomichyov,812,1,dfomichyovmj@imageshack.us
Terese Vandrill,813,0.6,tvandrillmk@wired.com
Xenia Roddick,814,1.6,xroddickml@xing.com
Yanaton Knoles,815,3.3,yknolesmm@bravesites.com
Amanda Higgen,816,2.7,ahiggenmn@sphinn.com
Catharina Fideler,817,3.3,cfidelermo@liveinternet.ru
Ibby Wein,818,3.6,iweinmp@bbc.co.uk
Tabina Braikenridge,819,2.5,tbraikenridgemq@slate.com
Galvin Cheer,820,2.5,gcheermr@ftc.gov
Ines Buglass,821,1.7,ibuglassms@yale.edu
Jefferey Duckfield,822,0.1,jduckfieldmt@accuweather.com
Prudi Lorenzini,823,0.1,plorenzinimu@wufoo.com
Laurette Stachini,824,0.2,lstachinimv@yahoo.co.jp
Kaitlynn Kintzel,825,3.9,kkintzelmw@prnewswire.com
Irita Kuzma,826,1.1,ikuzmamx@dion.ne.jp
Gabbie Doone,827,1.6,gdoonemy@trellian.com
Merry Humphries,828,1.6,mhumphriesmz@reddit.com
Marthena Gandey,829,3.6,mgandeyn0@umn.edu
Sonnie Philson,830,2.5,sphilsonn1@mysql.com
Jemie Bettesworth,831,3.2,jbettesworthn2@paginegialle.it
Melamie Stubs,832,0.6,mstubsn3@dagondesign.com
Sherline Jolliff,833,0.7,sjolliffn4@cocolog-nifty.com
Nicole Asipenko,834,1.6,nasipenkon5@utexas.edu
Leeann Almack,835,2.5,lalmackn6@redcross.org
Dacia Vasyutkin,836,2.8,dvasyutkinn7@google.cn
Jennilee Trowler,837,3.5,jtrowlern8@skype.com
Blithe Cordeux,838,2.3,bcordeuxn9@wsj.com
Janie Quail,839,0.1,jquailna@issuu.com
Dorolisa Crayker,840,2.6,dcraykernb@angelfire.com
Emelina Hardaway,841,1,ehardawaync@themeforest.net
Levi Lowseley,842,3.9,llowseleynd@soup.io
Betti Bickerstasse,843,2.5,bbickerstassene@behance.net
Joye Osant,844,3.1,josantnf@illinois.edu
Cecily O'Brogane,845,1.6,cobroganeng@homestead.com
Christie Rouzet,846,2.3,crouzetnh@opera.com
Grady Beneze,847,2.3,gbenezeni@google.com
Yulma Cardoe,848,2.5,ycardoenj@1688.com
Rosita Patillo,849,2,rpatillonk@thetimes.co.uk
Guillermo Lyall,850,2.4,glyallnl@google.com
Tripp Fleisch,851,1.7,tfleischnm@wsj.com
Dani Pawlett,852,1.8,dpawlettnn@tumblr.com
Ediva Pattrick,853,1.1,epattrickno@discuz.net
Riccardo Trematick,854,0.8,rtrematicknp@google.fr
Gwenni Shale,855,3.5,gshalenq@shinystat.com
Sheila-kathryn Panyer,856,2.4,spanyernr@ucoz.ru
Shaine Gumbley,857,1.3,sgumbleyns@ehow.com
Jarad Moffett,858,3.1,jmoffettnt@fotki.com
Tabbitha Tottle,859,2.4,ttottlenu@yahoo.com
Robbie Grafom,860,4,rgrafomnv@nhs.uk
Janice Whiscard,861,3.1,jwhiscardnw@imgur.com
Sinclare Gifford,862,1,sgiffordnx@abc.net.au
Cary Pettko,863,3.5,cpettkony@pbs.org
Ashlen Boscher,864,1.3,aboschernz@earthlink.net
Timothy Parren,865,0,tparreno0@squarespace.com
Edmon Glenwright,866,3.6,eglenwrighto1@bravesites.com
Wyatt Colter,867,1.3,wcoltero2@godaddy.com
Bradley O'Heffernan,868,2,boheffernano3@shop-pro.jp
Theodosia Arnison,869,3,tarnisono4@mail.ru
Dyna Bullion,870,0.9,dbulliono5@google.es
Inez Prinnett,871,2.6,iprinnetto6@shutterfly.com
Caria Tire,872,2.1,ctireo7@w3.org
Lynnett Garrity,873,0.7,lgarrityo8@g.co
Jefferey Billingham,874,1.3,jbillinghamo9@illinois.edu
Rustin Treffrey,875,3,rtreffreyoa@linkedin.com
Cassaundra Nicely,876,4,cnicelyob@umn.edu
Debor Nusche,877,0.2,dnuscheoc@army.mil
Berkie de Amaya,878,3.7,bdeod@discovery.com
Matelda Gonnard,879,1.1,mgonnardoe@ning.com
Zsazsa Cristofol,880,0.3,zcristofolof@netscape.com
Dorree Greatrex,881,0.3,dgreatrexog@ifeng.com
Curran Le Friec,882,1.6,cleoh@g.co
Carolina Clearie,883,2.9,cclearieoi@flickr.com
Jeremiah Cranmore,884,3.7,jcranmoreoj@homestead.com
Godfrey Orrice,885,1.6,gorriceok@scientificamerican.com
Jeramey Weston,886,2.8,jwestonol@zdnet.com
Stephi Hammer,887,0.9,shammerom@illinois.edu
Jenica Robbel,888,2.5,jrobbelon@soup.io
Micah Beckers,889,1.1,mbeckersoo@gizmodo.com
Joane Statton,890,2.8,jstattonop@google.com.hk
Der Gatfield,891,0.7,dgatfieldoq@prweb.com
Selma Bulloch,892,1.7,sbullochor@auda.org.au
Sergio Zukierman,893,1.8,szukiermanos@vk.com
Barb Pauli,894,3.2,bpauliot@buzzfeed.com
Jolee Skentelbery,895,1.1,jskentelberyou@cyberchimps.com
Elberta Portsmouth,896,0.8,eportsmouthov@nasa.gov
Iago Dicey,897,3,idiceyow@nature.com
Ramon Linbohm,898,3.2,rlinbohmox@mlb.com
Sheff Zanicchelli,899,2.9,szanicchellioy@reverbnation.com
Valenka Chaston,900,3.3,vchastonoz@mlb.com
Morganica Foote,901,0.3,mfootep0@latimes.com
Cordie Maggill'Andreis,902,2.7,cmaggillandreisp1@is.gd
Masha Windram,903,0.4,mwindramp2@dedecms.com
Tamqrah Pembridge,904,1.2,tpembridgep3@about.me
Dewie Volks,905,0.6,dvolksp4@1688.com
Carly Heinig,906,1.1,cheinigp5@gmpg.org
Fredi Legonidec,907,2.5,flegonidecp6@last.fm
Sim McIlvoray,908,3,smcilvorayp7@t.co
Dan Wiburn,909,0.4,dwiburnp8@senate.gov
Catharine Siret,910,3.8,csiretp9@miibeian.gov.cn
Maryrose Thunderchief,911,1.1,mthunderchiefpa@twitter.com
Brandyn Dykas,912,1.9,bdykaspb@addthis.com
Marthe Schwandt,913,3.7,mschwandtpc@youtu.be
Kaylil Dauncey,914,3.1,kdaunceypd@liveinternet.ru
Burch Baud,915,2.9,bbaudpe@free.fr
Rudolfo Kolyagin,916,1.7,rkolyaginpf@whitehouse.gov
Courtnay Sherewood,917,0.6,csherewoodpg@mtv.com
Josefina Guly,918,3.3,jgulyph@friendfeed.com
Thorin Frede,919,3,tfredepi@dagondesign.com
Lodovico Pardi,920,3.8,lpardipj@histats.com
Sterne Soden,921,1.2,ssodenpk@amazonaws.com
Garnet Orpyne,922,2.2,gorpynepl@wix.com
Gerda Blacktin,923,1.4,gblacktinpm@nyu.edu
Neysa Eaddy,924,1.7,neaddypn@apache.org
Maris Meak,925,1.1,mmeakpo@lulu.com
Clarisse Pavolillo,926,3.4,cpavolillopp@google.it
Roch Oxford,927,0.1,roxfordpq@sitemeter.com
Maisie Barbara,928,3.9,mbarbarapr@google.com
Kimble Hoovart,929,3,khoovartps@jiathis.com
Vite Andor,930,1.4,vandorpt@nbcnews.com
Stephen Ruprich,931,3.1,sruprichpu@g.co
Morgan Hacquoil,932,3.3,mhacquoilpv@google.com.au
Tabby Rennock,933,0.9,trennockpw@hubpages.com
Werner Kenealy,934,3,wkenealypx@archive.org
Tine Van den Oord,935,3.5,tvanpy@mashable.com
Jermaine Aiskrigg,936,2.6,jaiskriggpz@flavors.me
Cedric Vasilov,937,3.3,cvasilovq0@de.vu
Clari Thebeau,938,0.1,cthebeauq1@si.edu
Jilli Witt,939,2,jwittq2@about.com
Sibley Naseby,940,1.6,snasebyq3@miitbeian.gov.cn
Rorke Rilston,941,1.5,rrilstonq4@blogspot.com
Biron McHaffy,942,3.4,bmchaffyq5@pbs.org
Langston Clayill,943,3.2,lclayillq6@amazon.co.uk
Electra Roakes,944,0.5,eroakesq7@mapy.cz
Margery Sturgeon,945,0,msturgeonq8@barnesandnoble.com
Ed Epsly,946,1.8,eepslyq9@ucoz.ru
Constantin Dudbridge,947,3.8,cdudbridgeqa@cdbaby.com
Jenn Lauga,948,0.9,jlaugaqb@smugmug.com
Harriett Gilbertson,949,2,hgilbertsonqc@ed.gov
Corissa Ternent,950,2.3,cternentqd@chicagotribune.com
Barbra des Remedios,951,2.2,bdesqe@google.es
Page Jans,952,3.9,pjansqf@mashable.com
Kora McReidy,953,2,kmcreidyqg@craigslist.org
Alexandro Chrippes,954,1.2,achrippesqh@theglobeandmail.com
Brod Salkeld,955,2.8,bsalkeldqi@icq.com
Letta Glanz,956,0.7,lglanzqj@constantcontact.com
Demott Jaukovic,957,1.4,djaukovicqk@goo.gl
Bailie Caltera,958,1.9,bcalteraql@netlog.com
Ileane Shier,959,1.8,ishierqm@census.gov
Wren Creak,960,3.3,wcreakqn@themeforest.net
Alexandrina Sallis,961,3.1,asallisqo@usgs.gov
Hadlee Milham,962,3.3,hmilhamqp@huffingtonpost.com
Janeen Tomasino,963,0.2,jtomasinoqq@spiegel.de
Rhetta Bagehot,964,1.9,rbagehotqr@topsy.com
Guntar Fairlem,965,1.9,gfairlemqs@spiegel.de
Randolf Darnody,966,0.4,rdarnodyqt@reddit.com
Cyrus Agate,967,1.8,cagatequ@discovery.com
Jimmie Harbidge,968,3.3,jharbidgeqv@a8.net
Dre Peye,969,3.7,dpeyeqw@tripod.com
Shaine Dyzart,970,1.8,sdyzartqx@boston.com
Efrem Limeburn,971,0.3,elimeburnqy@qq.com
Odie Spieck,972,0.2,ospieckqz@toplist.cz
Gilles Liepmann,973,1.1,gliepmannr0@blog.com
Sarina Hidderley,974,2.9,shidderleyr1@toplist.cz
Richmound Saffill,975,2.8,rsaffillr2@ca.gov
Roscoe Borwick,976,3.1,rborwickr3@usgs.gov
Sheri Archard,977,1.8,sarchardr4@phoca.cz
Felizio Brown,978,2.5,fbrownr5@jiathis.com
Valeria Eilhermann,979,1.1,veilhermannr6@tamu.edu
Odelia Collaton,980,0.5,ocollatonr7@ft.com
Jany Boord,981,3,jboordr8@homestead.com
Sunshine Penhall,982,2.7,spenhallr9@mashable.com
Wyatan Catling,983,1.5,wcatlingra@sun.com
Briana Denver,984,3.1,bdenverrb@newsvine.com
Heinrick Van Merwe,985,2.6,hvanrc@stumbleupon.com
Emmalynne Ealden,986,2.6,eealdenrd@wiley.com
Tymothy Lghan,987,0.4,tlghanre@slideshare.net
Janette Knightley,988,1.9,jknightleyrf@examiner.com
Legra Sink,989,0.6,lsinkrg@instagram.com
Lon Gripton,990,3.3,lgriptonrh@mapquest.com
Bobinette Cleverley,991,2.1,bcleverleyri@topsy.com
Kris Readmire,992,1.6,kreadmirerj@imageshack.us
Engracia Rowlands,993,3.8,erowlandsrk@mtv.com
Aleksandr Helsdon,994,3.7,ahelsdonrl@sbwire.com
Hamlen Sargison,995,0.6,hsargisonrm@clickbank.net
Marcelline Greet,996,2.4,mgreetrn@t-online.de
Jeno Cornuau,997,2.4,jcornuauro@google.es
Culver Flescher,998,1.5,cflescherrp@seattletimes.com
Putnem Balam,999,1.5,pbalamrq@ihg.com
Gardner Sneesbie,1000,2,gsneesbierr@blogger.com
