13-5726163,Gill,Overington,goverington0@twitpic.com,Financial Advisor,22,15.83
17-8199755,Simonette,Tschierse,stschierse1@ucla.edu,Graphic Designer,21,14.07
41-3379927,Royal,MacGovern,rmacgovern2@cbc.ca,Financial Advisor,21,58.14
69-9839672,Gunther,Tippings,gtippings3@dailymotion.com,Design Engineer,33,44.94
55-5415020,Marris,Kurten,mkurten4@paginegialle.it,Community Outreach Specialist,34,58.71
21-0714750,Fee,Castaneda,fcastaneda5@php.net,VP Product Management,22,27.41
63-2882707,Vasili,Dolling,vdolling6@blogspot.com,Assistant Manager,25,18.79
54-6240208,Keary,Sparkwell,ksparkwell7@independent.co.uk,Software Engineer IV,21,58.62
15-7529028,Katleen,Dingsdale,kdingsdale8@live.com,Software Engineer IV,19,44.51
47-3779943,Brittne,Pitkethly,bpitkethly9@uiuc.edu,Software Consultant,24,42.25
70-0909305,Kalina,Travis,ktravisa@amazonaws.com,Tax Accountant,35,44.24
50-6674885,Dwayne,Greenhouse,dgreenhouseb@geocities.jp,Senior Editor,24,34.32
31-8343103,Rick,Winsper,rwinsperc@chron.com,Systems Administrator I,18,16.47
18-8528265,Valerie,Btham,vbthamd@usgs.gov,Assistant Professor,39,44.69
49-4248167,Gerrie,MacGiany,gmacgianye@gnu.org,Technical Writer,28,32.58
89-8775898,Alia,Simco,asimcof@who.int,Software Test Engineer IV,39,26.97
87-8121204,Nadia,Runnacles,nrunnaclesg@linkedin.com,Automation Specialist III,18,43.88
44-1529953,Culver,Griss,cgrissh@cloudflare.com,Help Desk Operator,30,55.16
94-4061248,Sharia,Hamper,shamperi@whitehouse.gov,Software Engineer III,15,40.36
71-8419046,Cinda,de Vaen,cdevaenj@sitemeter.com,Financial Advisor,27,53.23
22-0428214,Hilton,Acum,hacumk@aboutads.info,Junior Executive,23,51.11
46-1249246,Farleigh,Blaza,fblazal@noaa.gov,Nurse Practicioner,29,45.1
27-4771743,Adrian,Huebner,ahuebnerm@w3.org,Chief Design Engineer,16,51.07
23-5616121,Idelle,Ramiro,iramiron@livejournal.com,Social Worker,15,56.23
17-7338470,Bria,Ferri,bferrio@google.cn,Research Nurse,40,19.29
40-9231976,Bari,Cattlow,bcattlowp@addthis.com,Teacher,21,19.36
87-5332576,Eryn,Fereday,eferedayq@plala.or.jp,Assistant Professor,28,32.83
15-3090301,Nathanial,Purrington,npurringtonr@sohu.com,Account Executive,34,16.18
35-0181086,Dierdre,Kynd,dkynds@w3.org,Quality Engineer,28,50.48
52-9341334,Devlin,Galiero,dgalierot@shareasale.com,Chemical Engineer,17,51.14
48-9872350,Waylon,Peerman,wpeermanu@uol.com.br,Web Developer II,20,14.79
63-4744021,Manny,Lawless,mlawlessv@amazon.co.uk,Teacher,33,45.12
01-7993098,Kristal,Brise,kbrisew@alibaba.com,Quality Control Specialist,35,31.27
37-9615047,Chloette,Clawley,cclawleyx@ocn.ne.jp,Data Coordiator,25,48.65
08-2542878,Mariska,Sabben,msabbeny@printfriendly.com,Administrative Officer,28,48.69
99-0742605,Francisca,Wildgoose,fwildgoosez@boston.com,Quality Engineer,36,36.51
08-8458979,Mamie,Jaquin,mjaquin10@fema.gov,Quality Control Specialist,16,10.93
26-0238202,Hillie,Tolwood,htolwood11@cbslocal.com,Computer Systems Analyst I,19,35.45
85-2589050,Avril,Southan,asouthan12@mapquest.com,VP Sales,33,51.96
00-3378317,Reinwald,Mitchel,rmitchel13@yahoo.co.jp,Quality Engineer,27,49.39
36-3344934,Gay,Billsberry,gbillsberry14@a8.net,Statistician II,34,50.91
41-6680696,Duff,Hardistry,dhardistry15@opera.com,Recruiter,29,32.4
67-1053075,Moyna,Avraham,mavraham16@alibaba.com,Sales Representative,37,33.42
11-1940536,Allegra,Ivanichev,aivanichev17@trellian.com,Web Developer II,29,56.78
69-5840841,Aurie,Proschke,aproschke18@vistaprint.com,Assistant Professor,17,17.3
89-1070215,John,Hargrove,jhargrove19@dailymail.co.uk,Community Outreach Specialist,33,18.27
07-9475240,Pascale,Favell,pfavell1a@163.com,Environmental Tech,18,16.27
38-4304490,Kathleen,Carvil,kcarvil1b@usatoday.com,Clinical Specialist,26,59.64
78-5929168,Rudd,Halden,rhalden1c@toplist.cz,Director of Sales,19,32
90-8293438,Gunilla,Kornalik,gkornalik1d@opensource.org,Quality Control Specialist,40,19.76
32-7213777,Ollie,Willbourne,owillbourne1e@psu.edu,Automation Specialist IV,23,13.38
98-2314146,Manolo,Kivell,mkivell1f@google.es,Professor,26,40.47
30-3965800,Emmery,Sermin,esermin1g@guardian.co.uk,Data Coordiator,20,42.72
22-1241085,Chelsy,Mattia,cmattia1h@chicagotribune.com,Sales Representative,23,52.02
85-4059084,Henrieta,Edkins,hedkins1i@bloglines.com,Environmental Specialist,36,10.63
18-0960084,Cleve,Truesdale,ctruesdale1j@fc2.com,Payment Adjustment Coordinator,37,54.71
45-0487814,Zebulon,Phizacklea,zphizacklea1k@ifeng.com,Occupational Therapist,29,51.15
41-4430328,Willis,Vassie,wvassie1l@nytimes.com,Analog Circuit Design manager,31,19.93
58-1787322,Jillayne,Jozwicki,jjozwicki1m@amazon.com,Research Nurse,27,57.34
95-5556772,Giulia,Brydie,gbrydie1n@yolasite.com,Geological Engineer,36,39.02
24-9276370,Orel,McCart,omccart1o@jiathis.com,Technical Writer,40,48.53
15-9464625,Ken,Plampeyn,kplampeyn1p@msn.com,Web Designer III,37,11.77
11-0987272,Ilyssa,Lott,ilott1q@phoca.cz,General Manager,22,21.18
94-3890216,Velvet,Mawhinney,vmawhinney1r@aboutads.info,Registered Nurse,37,28.96
75-4030532,Aundrea,Putton,aputton1s@vk.com,Librarian,34,54.72
05-1119176,Erica,Bellany,ebellany1t@yahoo.com,Staff Scientist,18,38.32
68-1218171,Ebeneser,Preble,epreble1u@sourceforge.net,Assistant Media Planner,25,31.9
72-9105917,Arlene,Hares,ahares1v@blogspot.com,Executive Secretary,24,36.58
76-9885380,Catlin,Hebbs,chebbs1w@edublogs.org,Project Manager,26,32.57
45-5985290,Valdemar,Duffit,vduffit1x@vinaora.com,Clinical Specialist,29,54.8
30-1690274,Pearce,Basile,pbasile1y@wikimedia.org,Paralegal,19,49.54
48-4177294,Tommy,Dilke,tdilke1z@gnu.org,Account Representative I,35,47.08
57-1533476,Avie,Childs,achilds20@salon.com,Senior Sales Associate,37,28.23
10-0321410,Leslie,Cheetam,lcheetam21@google.it,Environmental Specialist,39,45.4
27-4611896,Danika,Fleischer,dfleischer22@europa.eu,Editor,18,30.94
93-7594120,Rahal,Keatley,rkeatley23@soundcloud.com,Director of Sales,22,19.82
35-7618206,Shep,Balston,sbalston24@cornell.edu,Research Nurse,40,11.62
38-3921721,Cloe,Wittman,cwittman25@umich.edu,Senior Quality Engineer,32,19.3
89-4652806,Luisa,Cure,lcure26@creativecommons.org,Financial Analyst,38,15.27
05-1506824,Dorothea,Tomala,dtomala27@businessweek.com,Financial Analyst,22,35.82
75-2767842,Ola,O'Mannion,oomannion28@apache.org,Cost Accountant,20,48.44
94-2594033,Haze,De Francisci,hdefrancisci29@comcast.net,Editor,39,30.4
23-4581607,Lilllie,Dincey,ldincey2a@npr.org,Structural Analysis Engineer,33,59.92
20-9156130,Sansone,Muncer,smuncer2b@surveymonkey.com,Safety Technician I,24,41.92
24-4024104,Jacquette,Fevers,jfevers2c@com.com,Media Manager II,31,38.22
13-6652118,Alejoa,Hanton,ahanton2d@bigcartel.com,Account Coordinator,36,45.66
98-7924308,Monique,Maxstead,mmaxstead2e@bing.com,Systems Administrator III,28,30.78
54-3627215,Leisha,Clementet,lclementet2f@pcworld.com,Chemical Engineer,23,52.27
50-9345777,Geno,Letson,gletson2g@paginegialle.it,Senior Quality Engineer,34,43.73
27-0230005,Randie,Britland,rbritland2h@yolasite.com,Account Executive,26,22.21
98-2119514,Otha,Blaschek,oblaschek2i@statcounter.com,Teacher,32,56.15
00-0233873,Karel,Mounch,kmounch2j@blogtalkradio.com,Internal Auditor,29,44.78
66-2302173,Martguerita,Le Claire,mleclaire2k@hatena.ne.jp,Nurse,31,43.41
81-5894229,Abagail,Sommers,asommers2l@nasa.gov,Chief Design Engineer,17,50.34
51-9368122,Gabrila,Pexton,gpexton2m@histats.com,Community Outreach Specialist,17,44.8
13-0322679,Jamie,McTerry,jmcterry2n@microsoft.com,Automation Specialist III,21,18.53
19-2087739,Charmion,Lonie,clonie2o@kickstarter.com,Payment Adjustment Coordinator,26,14.83
98-7180892,Ulrick,Linguard,ulinguard2p@mapquest.com,Systems Administrator IV,33,16.5
56-5880176,Fanchette,Boud,fboud2q@free.fr,Software Consultant,21,42.96
67-0844717,Scottie,Giovannilli,sgiovannilli2r@mlb.com,Office Assistant IV,31,46.54
02-9974214,Noell,Oxe,noxe2s@constantcontact.com,Internal Auditor,32,27.2
14-9167364,Andreas,Lavalde,alavalde2t@scientificamerican.com,Design Engineer,34,39.51
36-0852324,Dewie,Marzele,dmarzele2u@altervista.org,Compensation Analyst,15,31.02
10-4803867,Marcellus,Fiorentino,mfiorentino2v@cocolog-nifty.com,Data Coordiator,26,29.06
02-9146567,Greer,Gerling,ggerling2w@prweb.com,Staff Accountant IV,36,35.91
50-0516485,Tammie,MacGoun,tmacgoun2x@de.vu,Mechanical Systems Engineer,26,10.07
69-4091174,Winnie,Barbosa,wbarbosa2y@twitpic.com,Senior Sales Associate,37,58.56
15-5281894,Taite,Jewer,tjewer2z@alibaba.com,Junior Executive,25,35.47
92-6183860,Sophi,Scarlett,sscarlett30@bbc.co.uk,Technical Writer,29,34.41
07-0750615,Ortensia,Narramore,onarramore31@slideshare.net,Nuclear Power Engineer,24,12.27
55-8395257,Bill,Neachell,bneachell32@boston.com,Executive Secretary,38,26.56
31-4921353,Lalo,Hallex,lhallex33@unc.edu,Social Worker,38,21.83
33-6605515,Lenard,Poyntz,lpoyntz34@wp.com,Payment Adjustment Coordinator,20,59.19
31-8208477,Alayne,Brounsell,abrounsell35@ning.com,Account Representative III,36,42.97
70-7278620,Cal,O'Shee,coshee36@harvard.edu,Media Manager IV,18,21.19
75-0421077,Marcille,Dagnall,mdagnall37@sciencedirect.com,Computer Systems Analyst IV,23,30.39
37-3230160,Welbie,Ronca,wronca38@statcounter.com,Assistant Professor,33,20.76
37-2653213,Barrie,Salsberg,bsalsberg39@cnet.com,Computer Systems Analyst III,24,18.76
59-8592816,Ruperto,Catenot,rcatenot3a@spotify.com,Geologist III,32,31.55
41-2834199,Hamilton,Pinshon,hpinshon3b@sbwire.com,Accountant III,26,34.4
26-5785538,Ronald,Benford,rbenford3c@1688.com,Analyst Programmer,25,27.06
79-4506556,Margaret,Rief,mrief3d@imgur.com,Sales Associate,17,17.83
78-5179170,Bruno,McFeate,bmcfeate3e@senate.gov,Engineer II,31,29.57
44-7474739,Alonso,Klyn,aklyn3f@moonfruit.com,Assistant Media Planner,22,21.62
07-6383042,Humberto,Mityukov,hmityukov3g@redcross.org,Project Manager,26,19.47
21-3984932,Lanita,Luc,lluc3h@noaa.gov,Software Engineer II,26,58.56
50-7105360,Sada,Hawtry,shawtry3i@yahoo.com,Social Worker,15,12.08
08-2116692,Kleon,Gummory,kgummory3j@ucoz.com,Software Consultant,32,51.2
99-5297002,Stephannie,Menel,smenel3k@apple.com,Director of Sales,25,36.6
07-0555404,Lilas,Derle,lderle3l@altervista.org,Information Systems Manager,39,53.53
28-7102780,Emilie,Erickson,eerickson3m@ask.com,Assistant Manager,40,15.84
09-5261431,Jacinthe,Zelner,jzelner3n@hc360.com,Payment Adjustment Coordinator,32,14.61
66-6261311,Hervey,Dugget,hdugget3o@skype.com,Research Assistant II,32,48.51
37-9046026,Sabrina,Jeaves,sjeaves3p@webs.com,Research Nurse,27,55.03
00-6054516,Mahalia,Monketon,mmonketon3q@about.com,Marketing Manager,21,48.05
65-2984010,Eddie,Ridges,eridges3r@state.tx.us,Account Executive,20,33.52
31-7444019,Roseann,Palser,rpalser3s@mac.com,Financial Advisor,32,26.38
80-3411159,Tasia,Stiffell,tstiffell3t@ameblo.jp,Analog Circuit Design manager,40,49.68
89-1252022,Alyss,Allinson,aallinson3u@ca.gov,Staff Accountant III,28,59.41
15-5189358,James,Gresley,jgresley3v@fastcompany.com,Senior Quality Engineer,19,33.61
36-4626346,Xylia,Henriksson,xhenriksson3w@zimbio.com,Geologist IV,32,52.92
88-9937440,Carlin,Pyper,cpyper3x@pbs.org,Software Test Engineer I,19,21.31
48-1605037,Christie,Cleyne,ccleyne3y@lycos.com,Research Assistant III,25,20.4
53-9229991,Gabi,De Bruyne,gdebruyne3z@icio.us,Assistant Media Planner,36,58.05
86-2475637,Sanford,Titta,stitta40@rambler.ru,Computer Systems Analyst II,30,36.17
78-5926178,Audrey,Gooch,agooch41@apache.org,Professor,18,19.99
36-4952095,Esmeralda,Partleton,epartleton42@t.co,Research Associate,19,18.86
28-9274266,Annalee,Batecok,abatecok43@mlb.com,Quality Engineer,28,21.24
84-0367589,Jacquelin,Durdle,jdurdle44@washington.edu,Legal Assistant,21,19.31
29-1517878,Berna,Stollberger,bstollberger45@weibo.com,Analog Circuit Design manager,15,10.84
35-7416347,Emelita,Shillabear,eshillabear46@shop-pro.jp,Assistant Media Planner,17,53.09
14-9983081,Adaline,Galliver,agalliver47@wordpress.com,Chief Design Engineer,40,50
69-4671042,Benedicta,Schutte,bschutte48@google.nl,Research Nurse,27,21.16
67-8214599,Karoly,Drillingcourt,kdrillingcourt49@elegantthemes.com,Cost Accountant,18,47.36
79-7261872,Nata,Aldred,naldred4a@si.edu,Legal Assistant,33,46.89
78-5564051,Elisha,Artois,eartois4b@chronoengine.com,Director of Sales,20,39.53
13-0163516,Cesaro,Southan,csouthan4c@nhs.uk,Developer II,25,27.23
50-9420409,Darnall,Defew,ddefew4d@hostgator.com,Clinical Specialist,26,45.74
08-0913991,Celestine,O'Lyhane,colyhane4e@domainmarket.com,Occupational Therapist,36,48.39
09-3573764,Reinald,Becaris,rbecaris4f@desdev.cn,Product Engineer,30,27.2
55-6052093,Donalt,Leipelt,dleipelt4g@wikispaces.com,Professor,26,33.63
96-0591821,Art,Veale,aveale4h@histats.com,Database Administrator III,33,20.28
07-3106978,Zsa zsa,Lampert,zlampert4i@dailymail.co.uk,VP Sales,25,19.09
13-5843478,Monroe,Castella,mcastella4j@tripod.com,Software Engineer III,17,41.12
53-2004028,Mallissa,Mackin,mmackin4k@miitbeian.gov.cn,Tax Accountant,34,54.75
02-8691211,Ailis,Josofovitz,ajosofovitz4l@wunderground.com,Tax Accountant,30,14.27
37-7804835,Isa,Letherbury,iletherbury4m@yandex.ru,Safety Technician I,34,34.56
26-3114145,Rosanna,Sail,rsail4n@cbc.ca,Accounting Assistant IV,25,52
35-7768621,Nikoletta,Winsper,nwinsper4o@sun.com,Biostatistician III,35,46.09
65-7454399,Talya,Salack,tsalack4p@nifty.com,Nuclear Power Engineer,32,14.11
88-0384867,Warren,Bachelar,wbachelar4q@infoseek.co.jp,Media Manager I,22,56.67
31-9923694,Corilla,Kilbride,ckilbride4r@pagesperso-orange.fr,Dental Hygienist,37,33.9
41-4945775,Collie,Greenly,cgreenly4s@bloomberg.com,Environmental Specialist,39,54.18
52-2143091,Audrey,Karpman,akarpman4t@google.fr,Technical Writer,35,31.09
06-0876440,Skippie,Telfer,stelfer4u@slideshare.net,VP Accounting,26,47.12
70-9204724,Rici,Arnould,rarnould4v@scientificamerican.com,Sales Associate,22,28.73
54-8259106,Wendell,Crim,wcrim4w@themeforest.net,Recruiter,35,18.61
62-5856168,Antone,Mellonby,amellonby4x@blogs.com,Technical Writer,30,14.76
69-7057730,Charlot,Sarah,csarah4y@tripadvisor.com,Research Assistant II,40,39.01
69-6639643,Clio,Droghan,cdroghan4z@slideshare.net,Systems Administrator III,15,53.47
85-8784568,Noe,Greggs,ngreggs50@behance.net,Nurse Practicioner,24,20.33
82-8970755,Rorie,Petroselli,rpetroselli51@deviantart.com,Nurse,18,49.62
06-1259858,Candida,Josefsen,cjosefsen52@blinklist.com,Civil Engineer,32,45.22
30-7149220,Brig,Lorkings,blorkings53@ebay.com,Staff Accountant II,26,23.24
45-0951316,Charis,Stanier,cstanier54@prnewswire.com,Mechanical Systems Engineer,26,28.52
18-5707972,Gerry,Dunsford,gdunsford55@printfriendly.com,Engineer II,38,14.16
54-2648719,Sonia,Moggach,smoggach56@bing.com,Software Consultant,29,39.5
71-9789773,Seana,Mallinar,smallinar57@imgur.com,Professor,40,22.29
56-8747629,Clari,Lowing,clowing58@indiatimes.com,Assistant Manager,27,27.54
39-4771310,Tish,Pygott,tpygott59@php.net,Accountant II,28,10.88
57-0478969,Kania,Morrad,kmorrad5a@php.net,Design Engineer,25,15.75
93-4697980,Nathalia,Lunt,nlunt5b@zimbio.com,Structural Engineer,20,49.63
64-9408441,Maximilien,Galier,mgalier5c@mapquest.com,Geological Engineer,15,36.95
10-4905089,Keven,MacLoughlin,kmacloughlin5d@weather.com,Account Representative IV,37,46.33
35-7277721,Nadya,Alsina,nalsina5e@huffingtonpost.com,Librarian,29,49.9
33-1423516,Ketty,Terrans,kterrans5f@weather.com,VP Sales,17,31.43
93-0182020,Lezlie,Bateman,lbateman5g@census.gov,Senior Quality Engineer,19,37.84
84-5599283,Donnamarie,Sturman,dsturman5h@bigcartel.com,Software Consultant,37,25.62
73-7417943,Mame,Aspey,maspey5i@home.pl,Software Engineer II,24,35.08
18-1408186,Wilton,Fyfe,wfyfe5j@bandcamp.com,Design Engineer,40,54.1
48-1730003,Barde,Paz,bpaz5k@multiply.com,Administrative Officer,34,42.16
96-6770861,Cass,Saller,csaller5l@weather.com,Automation Specialist I,37,32.85
67-2129232,Goran,Yakebovitch,gyakebovitch5m@goodreads.com,Occupational Therapist,31,42.11
64-9757214,Margery,Rootes,mrootes5n@home.pl,Electrical Engineer,32,42.48
48-9476448,Scotti,Stanborough,sstanborough5o@flavors.me,Senior Cost Accountant,37,24.04
31-4712009,Matty,Briffett,mbriffett5p@walmart.com,Tax Accountant,34,23.3
81-7886270,Tasha,Coonihan,tcoonihan5q@aboutads.info,Director of Sales,36,26.47
45-8747802,Cassie,Mantram,cmantram5r@so-net.ne.jp,Clinical Specialist,33,14.31
35-3588844,Alden,Alster,aalster5s@studiopress.com,Business Systems Development Analyst,40,31.44
29-6096341,Louisa,Filippov,lfilippov5t@eventbrite.com,Analog Circuit Design manager,39,31.54
54-3344711,Wallas,Schimank,wschimank5u@seesaa.net,Environmental Tech,17,43.32
67-5379768,Austin,Godehard.sf,agodehardsf5v@samsung.com,VP Product Management,30,30.36
31-0286339,Bobinette,Vase,bvase5w@google.nl,Programmer III,15,11.09
46-7531610,Pippo,Lindmark,plindmark5x@hostgator.com,Health Coach III,21,44.91
38-7704608,Danita,Fredi,dfredi5y@yellowbook.com,Legal Assistant,25,17.8
51-4202151,Rafe,MacGillivray,rmacgillivray5z@w3.org,Quality Control Specialist,16,44.23
12-1216627,Mata,Barden,mbarden60@naver.com,Recruiting Manager,25,43.98
75-8759385,Mischa,Niemetz,mniemetz61@stumbleupon.com,Associate Professor,20,59.85
59-5797207,Leeanne,Iorizzi,liorizzi62@google.nl,Nuclear Power Engineer,19,24.22
87-4292060,Deanne,Ewells,dewells63@umich.edu,Junior Executive,40,53.51
41-3523081,Tani,Dalwood,tdalwood64@ning.com,Compensation Analyst,25,26.31
35-0050377,Tracy,Buckby,tbuckby65@cargocollective.com,Quality Control Specialist,25,50.34
69-5204450,Bay,Coultous,bcoultous66@yahoo.co.jp,Senior Financial Analyst,29,42.49
58-8321772,Salomon,Hairesnape,shairesnape67@webs.com,Social Worker,15,52.18
54-0642215,Ansley,Smails,asmails68@amazonaws.com,Speech Pathologist,33,51.38
96-6583003,Kalle,Ogle,kogle69@1und1.de,Assistant Media Planner,17,19.31
75-8632041,Britteny,Fantham,bfantham6a@goo.ne.jp,Systems Administrator IV,17,19.64
75-1928270,Rogers,MacRirie,rmacririe6b@adobe.com,Administrative Officer,27,58.03
46-7767081,Cathrine,Westwick,cwestwick6c@flavors.me,Desktop Support Technician,26,24.59
57-3887083,Robyn,Giovannacc@i,rgiovannacci6d@soup.io,Marketing Assistant,39,17.52
95-0606781,Starla,Stirgess,sstirgess6e@themeforest.net,Electrical Engineer,36,29.12
96-2446301,Garrott,Castelow,gcastelow6f@kickstarter.com,Staff Accountant II,22,50.33
48-5557344,Pearle,Tabrett,ptabrett6g@etsy.com,Health Coach III,33,37.26
10-9820477,Mattias,Tucsell,mtucsell6h@hatena.ne.jp,GIS Technical Architect,36,25.82
60-3540966,Charil,Isitt,cisitt6i@bizjournals.com,Senior Financial Analyst,27,11.37
19-3310014,Cass,Pawlyn,cpawlyn6j@sciencedaily.com,VP Marketing,32,10.9
78-9855294,Windy,Heigl,wheigl6k@zimbio.com,Human Resources Manager,19,34.78
46-0959580,Christine,Raubenheimers,craubenheimers6l@angelfire.com,Engineer IV,40,45.29
70-3083129,Xavier,Corish,xcorish6m@biblegateway.com,Quality Control Specialist,19,55.97
89-2907541,Katerina,Kubiak,kkubiak6n@deliciousdays.com,Senior Quality Engineer,35,18.48
32-7593231,Rhiamon,Boolsen,rboolsen6o@hao123.com,Registered Nurse,39,27.98
75-9073944,Julina,Manion,jmanion6p@geocities.jp,Mechanical Systems Engineer,38,37.69
51-0827722,Muriel,Skingle,mskingle6q@blogspot.com,Assistant Media Planner,21,40.14
58-8613650,Elvina,Fibben,efibben6r@myspace.com,Research Associate,29,21.62
74-3605417,Karleen,Kennally,kkennally6s@telegraph.co.uk,Account Executive,34,39.51
47-4853935,Yettie,Wareham,ywareham6t@utexas.edu,Assistant Manager,33,28.04
09-3775862,Dolley,Bampforth,dbampforth6u@freewebs.com,Senior Developer,24,46.48
76-3884661,Tandi,Craydon,tcraydon6v@senate.gov,Administrative Officer,22,30.35
80-6427467,Davin,Ricciardo,dricciardo6w@google.nl,Social Worker,29,40.78
86-7695308,Skelly,Clitsome,sclitsome6x@independent.co.uk,Safety Technician III,32,16.01
03-5448355,Gustie,Burrells,gburrells6y@a8.net,Account Coordinator,22,32.82
44-8136075,Lissa,Wombwell,lwombwell6z@cafepress.com,Geologist III,40,50.42
20-5478806,Clementius,Brookfield,cbrookfield70@wunderground.com,Registered Nurse,16,54.44
96-1369994,Thalia,Scoggins,tscoggins71@nasa.gov,Paralegal,19,24.56
75-2392060,Whitney,Tal,wtal72@whitehouse.gov,Financial Advisor,36,57.41
80-4771629,Desiri,Crumb,dcrumb73@netvibes.com,Staff Scientist,39,19.93
88-6128584,Jephthah,Dat,jdat74@tmall.com,Account Executive,32,29.6
66-5490271,Madelyn,de Almeida,mdealmeida75@reuters.com,Librarian,39,31.45
08-6229802,Jacquetta,Bielefeld,jbielefeld76@usa.gov,Human Resources Manager,22,17.24
09-4286803,Coop,Peealess,cpeealess77@psu.edu,Tax Accountant,39,52.92
81-7690035,Kelbee,Gallanders,kgallanders78@jiathis.com,GIS Technical Architect,27,29.17
94-3873912,Margarette,Rizzetti,mrizzetti79@usda.gov,Technical Writer,21,48.74
46-7519596,Shurlock,Dorning,sdorning7a@bbc.co.uk,Office Assistant I,33,27.96
38-7395921,Lebbie,Besnardeau,lbesnardeau7b@360.cn,VP Accounting,40,37.72
76-9450595,Lanny,Tolefree,ltolefree7c@icio.us,VP Sales,16,17.83
37-6034954,Illa,Rowlett,irowlett7d@engadget.com,Recruiter,17,31.55
65-0817707,Michail,Benit,mbenit7e@fema.gov,Financial Analyst,24,48.34
38-9250138,Felicle,Palle,fpalle7f@examiner.com,Budget/Accounting Analyst I,23,16.6
93-0637120,Laurena,Gwynn,lgwynn7g@biglobe.ne.jp,Assistant Manager,30,10.08
98-4013186,Ginelle,Dametti,gdametti7h@uol.com.br,Editor,17,30.63
77-4681378,Guillaume,Downs,gdowns7i@instagram.com,Assistant Media Planner,28,42.65
03-9539407,Nissy,Burnie,nburnie7j@hp.com,Analyst Programmer,32,41.68
14-9539192,Orsa,Polin,opolin7k@51.la,Environmental Tech,33,57.49
52-9296908,Hadley,Bettanay,hbettanay7l@example.com,Speech Pathologist,36,20.05
65-7274907,Cortie,Chaulk,cchaulk7m@soundcloud.com,Speech Pathologist,39,18.99
07-5728162,Reeva,McKirton,rmckirton7n@archive.org,Sales Associate,28,48.44
40-4873858,Richmound,Hakking,rhakking7o@wikipedia.org,Account Executive,32,17.31
16-3763979,Joline,Tort,jtort7p@netscape.com,Actuary,38,38.59
62-2049065,Addia,Waldocke,awaldocke7q@eepurl.com,Senior Sales Associate,28,12.57
13-6474574,Farr,Pain,fpain7r@issuu.com,Web Designer I,18,47.1
43-0546778,Ingmar,Raymen,iraymen7s@liveinternet.ru,Structural Analysis Engineer,32,38.89
73-7896062,Aubine,Brannigan,abrannigan7t@google.fr,Product Engineer,21,30.83
35-3151435,Wilona,Boram,wboram7u@smh.com.au,VP Marketing,16,24.81
63-4087401,Felipe,Dreelan,fdreelan7v@nyu.edu,Senior Developer,31,46.39
46-5949107,Henrietta,Chilton,hchilton7w@nature.com,Information Systems Manager,36,44.9
46-2219832,Aleece,Kurton,akurton7x@artisteer.com,Legal Assistant,17,50.58
96-6325399,Emery,Turone,eturone7y@xrea.com,Financial Analyst,39,38.01
57-3514506,Jose,Kirvell,jkirvell7z@parallels.com,Computer Systems Analyst III,34,28.85
40-4376196,Nicoline,Franceschi,nfranceschi80@joomla.org,Analog Circuit Design manager,37,36.25
17-7721674,Konstantin,Chapling,kchapling81@geocities.jp,Help Desk Technician,19,52.18
65-2654069,Mose,Millward,mmillward82@mysql.com,Research Nurse,26,25.13
29-9293072,Wes,Vick,wvick83@msn.com,VP Accounting,17,37.71
94-5794143,Christos,McLoughlin,cmcloughlin84@bandcamp.com,Help Desk Technician,21,18.49
41-3109020,Nanny,Featherstonehaugh,nfeatherstonehaugh85@squarespace.com,Analog Circuit Design manager,28,58.64
18-5708733,Natty,Hannaway,nhannaway86@simplemachines.org,Structural Engineer,40,45.34
50-9341047,Walden,Allchorne,wallchorne87@live.com,Automation Specialist IV,31,38.97
50-3393042,Dacie,Sparkwell,dsparkwell88@adobe.com,Structural Analysis Engineer,38,52.42
20-7120258,Brigid,Sabie,bsabie89@xrea.com,Nuclear Power Engineer,39,13.99
85-1313804,Ileane,Casale,icasale8a@artisteer.com,Product Engineer,20,33.28
19-0286364,Ardyce,Temple,atemple8b@biblegateway.com,Computer Systems Analyst IV,21,24.26
55-9726207,Poppy,Tatum,ptatum8c@vkontakte.ru,Cost Accountant,30,50.62
12-7210262,Delcina,McTrustrie,dmctrustrie8d@hubpages.com,Web Designer IV,18,45.39
34-6543288,Evan,Nesbit,enesbit8e@trellian.com,Senior Editor,15,24.81
61-2775639,Easter,Lawerence,elawerence8f@miitbeian.gov.cn,Project Manager,19,53.09
80-8182344,Brande,Redon,bredon8g@paginegialle.it,Technical Writer,25,44.53
81-9960194,Zak,Sille,zsille8h@pagesperso-orange.fr,Staff Scientist,28,13.3
64-4672722,Beth,Gianullo,bgianullo8i@prlog.org,Structural Analysis Engineer,24,46.38
79-0076843,Levon,Shepley,lshepley8j@apache.org,Quality Control Specialist,40,18.95
50-2507375,Jeromy,Toulmin,jtoulmin8k@canalblog.com,Account Representative IV,39,48.64
14-4361971,Den,Bradburne,dbradburne8l@census.gov,Technical Writer,37,32.88
44-8928997,Idalia,Lyddiard,ilyddiard8m@google.de,Nurse Practicioner,30,18.65
88-3012868,Siusan,Grattage,sgrattage8n@nature.com,Assistant Manager,25,30.86
37-1617512,Johna,Tubby,jtubby8o@addtoany.com,Legal Assistant,24,13.47
15-3267071,Almeda,Sayce,asayce8p@weather.com,Safety Technician I,27,18.31
14-6783676,Lou,Gaudon,lgaudon8q@techcrunch.com,GIS Technical Architect,34,22.86
78-3689646,Meredith,Quarton,mquarton8r@bbc.co.uk,Product Engineer,37,56.35
10-3097966,Moll,Fernando,mfernando8s@google.cn,Analog Circuit Design manager,23,20.96
94-4660803,Gibbie,Novill,gnovill8t@apache.org,VP Sales,33,43.96
89-3891994,Dyanne,Cleugher,dcleugher8u@feedburner.com,Associate Professor,22,43.35
24-4009335,Lois,Willden,lwillden8v@cargocollective.com,Structural Analysis Engineer,33,19.12
38-8802108,Louisette,Ingray,lingray8w@bing.com,Civil Engineer,23,52.92
73-0772688,Kali,Warman,kwarman8x@weebly.com,Assistant Manager,40,49.28
99-6086139,Moira,Reynard,mreynard8y@cnn.com,Cost Accountant,29,18.21
66-7024151,Jada,Alliband,jalliband8z@gizmodo.com,Media Manager III,25,46.74
80-2675795,Jenny,Lenox,jlenox90@wisc.edu,Nurse,15,22.27
88-2090964,Gilda,Legan,glegan91@jigsy.com,Environmental Tech,19,58.74
89-3633776,Kori,Recher,krecher92@earthlink.net,Senior Developer,30,17.73
15-5062935,Yuma,Fidoe,yfidoe93@canalblog.com,Occupational Therapist,35,53.93
96-8863363,Bartolomeo,Antonikov,bantonikov94@sun.com,Staff Accountant II,34,49.32
02-1393334,Bidget,Kornilov,bkornilov95@sciencedirect.com,Statistician III,37,39.01
97-8796626,Waylin,Mingo,wmingo96@bizjournals.com,Account Executive,40,35.94
65-9700476,Gaultiero,Laffranconi,glaffranconi97@multiply.com,Geologist III,31,15.53
63-4627253,Rorke,Bernardet,rbernardet98@wired.com,Chief Design Engineer,15,11.46
03-3783119,Rowland,Larham,rlarham99@ft.com,Executive Secretary,15,40.98
32-4034239,Courtnay,McIlvaney,cmcilvaney9a@newyorker.com,Senior Developer,17,58.5
65-4837111,Nilson,Maxwell,nmaxwell9b@nymag.com,Pharmacist,30,36.71
05-1968910,Clem,De Pero,cdepero9c@apple.com,Director of Sales,22,12.71
67-6245452,Brena,Duran,bduran9d@squidoo.com,Chemical Engineer,19,51.05
81-9596519,Lazaro,Alexsandrovich,lalexsandrovich9e@mit.edu,Senior Sales Associate,40,20.29
11-8512775,Turner,Beirne,tbeirne9f@shareasale.com,Structural Engineer,23,19.67
46-3521096,Barbara-anne,Sang,bsang9g@uiuc.edu,Associate Professor,20,45.47
10-3722358,Lorilyn,Mulder,lmulder9h@bizjournals.com,Assistant Media Planner,28,12.73
22-4079747,Derby,Tabb,dtabb9i@booking.com,Assistant Manager,25,30.8
44-7984006,Dannie,Jenoure,djenoure9j@ca.gov,Nurse,33,35.83
55-7372847,Alano,Peinke,apeinke9k@seesaa.net,Associate Professor,17,43.61
72-0436262,Freddy,Moffett,fmoffett9l@timesonline.co.uk,Sales Representative,30,42.32
70-4360046,Brose,Prest,bprest9m@cnn.com,Geologist IV,33,40.89
88-6374525,Reinhold,Skeemer,rskeemer9n@rakuten.co.jp,Executive Secretary,15,39.83
31-8786093,Decca,Maun,dmaun9o@eventbrite.com,Associate Professor,16,26.59
23-3498166,Tommy,Alliot,talliot9p@t-online.de,Sales Representative,21,13.11
93-6531400,Konstantine,Maidens,kmaidens9q@seesaa.net,Account Executive,25,59.8
45-3750278,Paolo,Gillbard,pgillbard9r@nyu.edu,Research Nurse,25,20.44
62-3032158,Emmalynne,Quartly,equartly9s@list-manage.com,Financial Advisor,35,51.63
39-4316300,Devland,Graine,dgraine9t@example.com,Director of Sales,39,10.81
72-1893660,Derry,Cancellor,dcancellor9u@apple.com,Physical Therapy Assistant,35,54.95
59-5737783,Dunc,Hedley,dhedley9v@imgur.com,Senior Financial Analyst,25,12.49
04-4244813,Harri,Gilbart,hgilbart9w@salon.com,Developer IV,35,28.65
97-7600925,Mella,Bontein,mbontein9x@noaa.gov,Analyst Programmer,31,50.47
36-8548617,Matthieu,Borwick,mborwick9y@mozilla.org,Executive Secretary,27,59.95
48-2593310,Jasper,Gobat,jgobat9z@devhub.com,Systems Administrator II,39,48.89
37-6103891,Ede,Heskey,eheskeya0@drupal.org,Graphic Designer,30,11.12
70-9059207,Timofei,Sterke,tsterkea1@nba.com,Occupational Therapist,40,30.43
08-1546073,Beniamino,Thomesson,bthomessona2@virginia.edu,Research Nurse,24,40.83
65-1591012,Hartwell,Ebbings,hebbingsa3@amazon.de,VP Marketing,29,36.73
76-8797899,Damon,Gludor,dgludora4@google.de,Software Consultant,23,21.13
82-7671306,Janine,Cressey,jcresseya5@unblog.fr,Programmer Analyst IV,32,34.24
55-2398117,Matilda,Waiton,mwaitona6@diigo.com,Geologist I,33,16.29
53-3029141,Ellwood,Shiel,eshiela7@behance.net,Account Executive,30,40.27
02-8178463,Jobie,Francklyn,jfrancklyna8@oakley.com,Human Resources Assistant II,25,26.77
97-5563984,Matty,Maylor,mmaylora9@technorati.com,Programmer Analyst II,31,47.91
79-0246839,Dredi,Minkin,dminkinaa@pinterest.com,Social Worker,26,59.93
65-9340280,Timothea,Cassely,tcasselyab@cargocollective.com,Staff Scientist,22,17.56
58-4765365,Edin,Mauger,emaugerac@trellian.com,GIS Technical Architect,26,53.92
22-8947592,Cordula,Brownhill,cbrownhillad@wikimedia.org,Clinical Specialist,16,52.49
14-9941581,Basilio,Latehouse,blatehouseae@163.com,Teacher,38,56.96
25-2521137,Weider,Pietrasik,wpietrasikaf@boston.com,Financial Analyst,17,20.65
11-6053139,Trix,Shaul,tshaulag@ihg.com,GIS Technical Architect,36,13.19
90-3985529,Dalila,Alessandrini,dalessandriniah@nytimes.com,Account Coordinator,21,37.13
02-8159652,Ebonee,Quincey,equinceyai@answers.com,Senior Sales Associate,25,40.43
52-3338834,Eben,Dyerson,edyersonaj@hp.com,Senior Sales Associate,18,23.32
35-6242576,Noella,Nulty,nnultyak@ow.ly,Staff Scientist,35,15.78
31-0131959,Papagena,Wawer,pwaweral@vkontakte.ru,Engineer II,32,16.85
68-8134041,Phil,Oulett,poulettam@amazon.co.jp,VP Product Management,28,35.81
18-2161190,Jervis,Weerdenburg,jweerdenburgan@histats.com,Editor,27,56.58
42-3243007,Angeline,Malicki,amalickiao@icio.us,Human Resources Manager,34,22.03
10-4420182,Anderea,Swannell,aswannellap@ocn.ne.jp,Teacher,32,33.97
74-9588419,Catlaina,Farmery,cfarmeryaq@hud.gov,Social Worker,18,49.03
24-9125335,Sherie,Bartels-Ellis,sbartelsellisar@sciencedirect.com,Web Developer I,36,30.11
82-5712161,Irving,Kingswoode,ikingswoodeas@opera.com,Nuclear Power Engineer,18,35.32
91-4943133,Berkeley,Perrott,bperrottat@hhs.gov,Assistant Professor,33,17.82
67-2335382,Jarred,Sheeran,jsheeranau@narod.ru,Dental Hygienist,39,25.51
70-6587282,Devora,Revance,drevanceav@imgur.com,Structural Analysis Engineer,35,19.85
02-1454167,Lorilee,Doldon,ldoldonaw@xing.com,Software Test Engineer I,31,57.84
88-4849363,Penrod,D'Alessandro,pdalessandroax@google.com.au,Desktop Support Technician,37,41.83
91-7415816,Kaila,Parram,kparramay@barnesandnoble.com,Human Resources Assistant II,27,49.01
86-8018887,Nancie,Lemmens,nlemmensaz@whitehouse.gov,Sales Associate,16,57.85
39-6776378,Rubin,Ruzek,rruzekb0@ameblo.jp,Senior Editor,36,24.89
38-9256292,Leonelle,Lorincz,llorinczb1@histats.com,Junior Executive,40,56.57
80-9703802,Ariana,Knaggs,aknaggsb2@example.com,Director of Sales,28,31.52
74-0436520,Jeannie,Cecil,jcecilb3@amazon.co.uk,Professor,40,52.29
89-5572142,Dian,Guiducci,dguiduccib4@webs.com,Media Manager II,34,37.16
48-5944357,Matelda,Chaff,mchaffb5@squarespace.com,Safety Technician III,32,12.11
08-6418374,Todd,Bein,tbeinb6@printfriendly.com,Analog Circuit Design manager,16,21.36
57-5668354,Ada,Tomkin,atomkinb7@mail.ru,VP Quality Control,25,46.79
90-4343245,Peri,Tumbridge,ptumbridgeb8@squidoo.com,Programmer Analyst III,18,11.1
88-5965464,Patin,Simonini,psimoninib9@apache.org,Help Desk Operator,18,56.19
66-8646384,Amalle,Euston,aeustonba@t.co,Editor,24,50.83
92-6608028,Blancha,Barnaby,bbarnabybb@cbc.ca,VP Marketing,27,29.15
09-4311240,Nichol,Hawton,nhawtonbc@sun.com,Senior Cost Accountant,17,13.74
07-2436382,Salvador,Fieller,sfiellerbd@behance.net,Human Resources Assistant II,37,46.62
89-9294243,Datha,Klaff,dklaffbe@yahoo.com,Financial Advisor,33,55.47
29-5149538,Niall,Dorricott,ndorricottbf@eventbrite.com,Junior Executive,27,15.34
31-2010280,Maxine,Hanlin,mhanlinbg@miitbeian.gov.cn,Mechanical Systems Engineer,37,52.17
08-9119071,Rosene,Denne,rdennebh@mediafire.com,Help Desk Technician,36,17.54
72-8268306,Glynis,Croydon,gcroydonbi@bigcartel.com,Senior Sales Associate,22,15.38
69-0000549,Helen,Beretta,hberettabj@omniture.com,Cost Accountant,38,12.88
18-5896022,Marietta,Proschek,mproschekbk@state.gov,Financial Advisor,22,51.44
05-1178852,Flor,Bispham,fbisphambl@tinyurl.com,Information Systems Manager,37,48.94
27-4222458,Melitta,Branscombe,mbranscombebm@reddit.com,Help Desk Technician,16,36.64
78-9632063,Manny,Hauxley,mhauxleybn@acquirethisname.com,Clinical Specialist,39,30.38
94-0463749,Izak,Morewood,imorewoodbo@auda.org.au,Registered Nurse,19,32.98
38-7745055,Jdavie,Bentinck,jbentinckbp@sphinn.com,Tax Accountant,39,13.16
79-1965723,Darya,Boerder,dboerderbq@cbsnews.com,Actuary,39,16.14
64-3400166,Willy,Armistead,warmisteadbr@thetimes.co.uk,Administrative Officer,15,23.55
25-9217245,Inger,Weekley,iweekleybs@wordpress.org,Software Consultant,27,23.49
55-5751684,Merry,Bartunek,mbartunekbt@stumbleupon.com,Actuary,24,46.07
86-4134589,Velma,Pochon,vpochonbu@nature.com,Senior Developer,18,51
10-6743638,Shamus,Deards,sdeardsbv@google.com,Mechanical Systems Engineer,27,35.76
37-4924115,Nelia,Moland,nmolandbw@newyorker.com,GIS Technical Architect,30,37.65
04-2822236,Laural,Clarson,lclarsonbx@cbc.ca,Nuclear Power Engineer,25,17.44
25-8704088,Tessi,Giddens,tgiddensby@1und1.de,Environmental Tech,24,41.33
46-7512981,Chrissie,Gaskins,cgaskinsbz@arstechnica.com,Professor,25,20.76
12-4737970,Ellary,Ilewicz,eilewiczc0@cyberchimps.com,Associate Professor,35,50.88
82-1305674,Lethia,Rappa,lrappac1@mac.com,Senior Editor,24,13.13
52-6786433,Teddi,Lakin,tlakinc2@jiathis.com,Associate Professor,35,45.96
32-9126566,Lenna,Dunnion,ldunnionc3@seattletimes.com,Database Administrator IV,24,39.5
23-5080933,Lauralee,Finan,lfinanc4@sphinn.com,Account Executive,27,59.18
79-8931381,Timmy,Carmichael,tcarmichaelc5@fda.gov,Chief Design Engineer,15,35.78
96-1968420,Lind,Woodman,lwoodmanc6@jimdo.com,Statistician IV,24,37.75
63-6322000,Niko,Hogbourne,nhogbournec7@va.gov,Assistant Manager,29,13.99
40-4239908,Michaela,Oxlee,moxleec8@wordpress.com,Research Nurse,35,56.69
06-8440217,Jaclin,Blazey,jblazeyc9@icq.com,Health Coach IV,20,12.99
93-6145693,Richardo,Turville,rturvilleca@zdnet.com,Environmental Tech,18,36.94
73-8123314,Dev,Mailes,dmailescb@vk.com,Director of Sales,23,34.39
38-9183417,Gabriela,Spawton,gspawtoncc@lycos.com,Web Developer II,23,28.01
72-7137871,Juliette,Hughes,jhughescd@tinyurl.com,Civil Engineer,35,30.44
21-6881934,Craggie,Wingatt,cwingattce@csmonitor.com,Account Executive,38,29.05
71-1085613,Rayshell,von Nassau,rvonnassaucf@vkontakte.ru,Structural Engineer,18,48.56
13-4726049,Janela,Piatkowski,jpiatkowskicg@slate.com,Social Worker,20,41.76
99-3704597,Lulu,Witheridge,lwitheridgech@jimdo.com,Analog Circuit Design manager,36,18.88
64-6640873,Wilden,Millett,wmillettci@mit.edu,Human Resources Manager,24,49.49
59-1303462,Ulrich,Bedin,ubedincj@shop-pro.jp,Developer III,17,35.89
79-7151954,Collette,Todari,ctodarick@yandex.ru,Technical Writer,19,27.09
59-6700511,Zahara,Skeemer,zskeemercl@economist.com,Librarian,20,13.78
74-9668426,Stearn,Pugh,spughcm@deviantart.com,Budget/Accounting Analyst III,40,24.45
00-6661070,Kala,Wadly,kwadlycn@jalbum.net,Sales Associate,15,53.7
61-2995815,Jarrod,Dronsfield,jdronsfieldco@netlog.com,Administrative Officer,38,16.5
01-1506373,Stacia,Landon,slandoncp@reference.com,Programmer Analyst II,26,15.23
83-7627070,Piper,Barles,pbarlescq@jugem.jp,Statistician IV,32,26.19
51-7161182,Marinna,Cossons,mcossonscr@booking.com,Actuary,20,36.86
00-7718514,Danielle,Frentz,dfrentzcs@psu.edu,Accounting Assistant II,29,28.91
91-5242372,Tobias,Sinisbury,tsinisburyct@accuweather.com,Clinical Specialist,33,50.28
66-4010174,Sergei,Clutheram,sclutheramcu@pbs.org,Marketing Assistant,27,20.94
24-9273033,Tasia,Bartoletti,tbartoletticv@amazon.co.jp,Payment Adjustment Coordinator,18,17.86
64-4632221,Bevan,Bennett,bbennettcw@sakura.ne.jp,Research Nurse,40,25.92
96-8755152,Rodi,Noseworthy,rnoseworthycx@sohu.com,Sales Representative,40,43.54
33-4934648,Willow,Lundie,wlundiecy@tripadvisor.com,Environmental Specialist,39,54.96
90-7469158,Aigneis,Nacey,anaceycz@clickbank.net,Speech Pathologist,36,52.44
79-7981804,Estrella,Garritley,egarritleyd0@usgs.gov,Design Engineer,37,52.21
44-3463421,Dee dee,Whapham,dwhaphamd1@homestead.com,Human Resources Manager,32,31.85
64-1147632,Danny,Birchill,dbirchilld2@sbwire.com,Senior Editor,39,47.7
04-9664578,Gaspar,Tinto,gtintod3@ow.ly,Statistician I,19,46.16
90-1839761,Devy,Seacombe,dseacombed4@opensource.org,Chemical Engineer,33,56.02
31-1466660,Yehudi,Hellin,yhellind5@hibu.com,Web Developer III,30,47.57
57-7676649,Vikky,Salvador,vsalvadord6@mit.edu,Marketing Manager,39,47.32
72-8861386,Daisey,Cheese,dcheesed7@pbs.org,Paralegal,15,31.23
79-2064123,Evelina,Brockie,ebrockied8@vimeo.com,Software Consultant,27,26.93
38-1562417,Zak,Sansum,zsansumd9@fastcompany.com,Professor,26,25.32
80-9428318,Adolphus,Brame,abrameda@tamu.edu,Biostatistician I,27,15
81-3213825,Meriel,Messer,mmesserdb@cyberchimps.com,Product Engineer,29,58.63
75-7178713,Elysee,Jollie,ejolliedc@goo.ne.jp,Technical Writer,29,23.05
00-7257729,Anallese,Josifovitz,ajosifovitzdd@sciencedirect.com,Recruiter,26,16.79
48-1861908,Shell,Power,spowerde@dailymail.co.uk,Teacher,36,25.57
50-7243488,Hillary,Hince,hhincedf@ustream.tv,Mechanical Systems Engineer,37,31.86
24-7559108,Menard,Regglar,mregglardg@elpais.com,VP Sales,39,31.89
84-9220242,Calv,Slemmonds,cslemmondsdh@businessinsider.com,Occupational Therapist,36,27.11
98-1486434,Cynde,Tooke,ctookedi@networkadvertising.org,Geological Engineer,37,17.1
91-8612320,Margot,Bazek,mbazekdj@microsoft.com,Programmer II,16,35.68
13-5189417,Davidde,MacGinney,dmacginneydk@nationalgeographic.com,Senior Cost Accountant,34,25.21
89-8608257,Myron,Ridge,mridgedl@europa.eu,Help Desk Technician,16,14.54
50-8343352,Sibby,Duffil,sduffildm@icio.us,Environmental Tech,19,10.9
42-3551749,Kenton,Chue,kchuedn@google.com.br,Technical Writer,19,39.1
06-3111305,Stanleigh,Gilfether,sgilfetherdo@is.gd,Tax Accountant,22,14
26-6405199,Mirella,Hatliff,mhatliffdp@psu.edu,Project Manager,25,41.54
56-5097200,Dorothea,Brownell,dbrownelldq@ucla.edu,Human Resources Manager,35,32.08
77-2663480,Allister,Leithgoe,aleithgoedr@scribd.com,Teacher,32,16.45
68-7609940,Morley,Urwen,murwends@wikipedia.org,Information Systems Manager,23,35.18
35-4369876,Lutero,Cumberlidge,lcumberlidgedt@eepurl.com,Speech Pathologist,35,16.29
22-7717193,Zora,Kyllford,zkyllforddu@naver.com,Technical Writer,36,15.43
80-2662146,Tracee,Cancellario,tcancellariodv@altervista.org,Account Executive,26,21.95
86-8715509,Klaus,Bawme,kbawmedw@digg.com,Pharmacist,40,38.69
01-6023737,Dael,Salterne,dsalternedx@apache.org,Help Desk Operator,36,53.65
60-8597051,Sigrid,Gillebride,sgillebridedy@wufoo.com,Nurse Practicioner,39,58.28
00-8492269,Nerty,Malenfant,nmalenfantdz@odnoklassniki.ru,Environmental Specialist,34,31.05
19-8623635,Lishe,Clohessy,lclohessye0@nsw.gov.au,Analog Circuit Design manager,21,23.11
21-2514150,Rafaelita,Gallyhaock,rgallyhaocke1@prlog.org,Administrative Officer,30,48.71
13-5719143,Herve,Backler,hbacklere2@instagram.com,Financial Analyst,31,58.39
43-8412845,Darcey,Presswell,dpresswelle3@usda.gov,Director of Sales,37,10.12
68-3046310,Marsh,Cowsby,mcowsbye4@latimes.com,Dental Hygienist,25,22.08
89-2050674,Thibaut,Roubottom,troubottome5@hostgator.com,Administrative Officer,28,47.97
22-9461443,Darryl,Couser,dcousere6@taobao.com,Community Outreach Specialist,16,45.23
70-5555561,Darrell,Dongate,ddongatee7@sourceforge.net,Computer Systems Analyst III,35,28.43
61-9361995,Pace,McManamen,pmcmanamene8@cornell.edu,VP Sales,35,27.25
69-3315524,Phyllys,Scini,pscinie9@intel.com,Tax Accountant,23,33.08
66-9658239,Morgana,Lightfoot,mlightfootea@homestead.com,Assistant Media Planner,30,15.27
94-0000025,Catherina,Bauldrey,cbauldreyeb@blinklist.com,VP Accounting,26,25.43
86-6067894,Duncan,Tomczykowski,dtomczykowskiec@pbs.org,Automation Specialist I,39,17.57
87-7028437,Marina,Cashell,mcashelled@hostgator.com,Web Designer II,19,42.25
15-4380142,Tove,Ainslee,tainsleeee@posterous.com,Budget/Accounting Analyst I,25,25.01
81-5674302,Cathy,Hould,chouldef@mayoclinic.com,VP Accounting,19,17.43
16-4723914,Fern,Akast,fakasteg@businesswire.com,Database Administrator III,15,51.12
25-0798928,Ram,McLukie,rmclukieeh@sogou.com,Statistician III,37,22.39
38-5631143,Frieda,Sutor,fsutorei@skype.com,Social Worker,25,53.92
73-6730862,Giovanni,Nowak,gnowakej@tuttocitta.it,Database Administrator III,15,41.6
60-7498745,Allen,Scraney,ascraneyek@istockphoto.com,Automation Specialist II,20,55.36
19-1670220,Susann,Hanes,shanesel@army.mil,Senior Editor,31,49.59
43-3218520,Temp,Jaszczak,tjaszczakem@bloglines.com,Staff Accountant III,16,44.1
39-2842104,Mamie,Verrillo,mverrilloen@amazon.co.uk,Pharmacist,20,43.77
17-5336483,Mendel,Ruskin,mruskineo@taobao.com,Librarian,28,30.08
74-0362661,Amii,Shercliff,ashercliffep@live.com,Safety Technician II,23,35.11
94-3121305,Mace,Brydon,mbrydoneq@vistaprint.com,VP Quality Control,16,41.46
25-4927409,Antoine,Codling,acodlinger@indiegogo.com,Cost Accountant,21,15.79
96-5612844,Clevie,Mont,cmontes@dyndns.org,Payment Adjustment Coordinator,16,56.65
26-5926760,Cristiano,Davidofski,cdavidofskiet@wordpress.com,Web Developer III,22,26.09
72-4803501,Salomone,Eglington,seglingtoneu@ask.com,Assistant Professor,30,33.42
49-5085352,Jerrine,Berendsen,jberendsenev@edublogs.org,Structural Engineer,32,58.04
26-1424701,Kira,Snawdon,ksnawdonew@prweb.com,Civil Engineer,16,44.66
42-5882093,Emili,Mincini,eminciniex@comcast.net,Senior Quality Engineer,34,10.44
83-4784279,Venus,Lesly,vleslyey@moonfruit.com,Accounting Assistant I,39,49.57
80-9743260,Chad,Hargreves,chargrevesez@cornell.edu,Account Representative IV,28,22.82
42-3630060,Emelita,Meadway,emeadwayf0@constantcontact.com,Biostatistician II,32,15.38
04-0430200,Nonie,Smedmore,nsmedmoref1@bloglines.com,Systems Administrator IV,22,56.19
40-7307100,Isadore,Veazey,iveazeyf2@facebook.com,Marketing Manager,19,55.15
58-8571826,Demott,Pollington,dpollingtonf3@devhub.com,Accountant IV,20,19.91
36-6255840,Violetta,Huggins,vhugginsf4@taobao.com,Biostatistician IV,27,38.81
57-2924184,Dulcinea,Frid,dfridf5@epa.gov,Project Manager,36,57.82
48-6277459,Gerhardt,Rabbage,grabbagef6@mayoclinic.com,Geologist III,26,56.92
82-9018159,Biron,Tremayne,btremaynef7@techcrunch.com,Geologist III,36,48.59
78-9305729,Jelene,Allen,jallenf8@ask.com,Human Resources Manager,28,49.73
10-0332769,Tobit,Charleston,tcharlestonf9@geocities.com,Physical Therapy Assistant,37,18.17
55-8230918,Arda,Crone,acronefa@vkontakte.ru,Chemical Engineer,20,34.53
18-3346271,Andre,Piburn,apiburnfb@hc360.com,Marketing Manager,27,32.63
38-8871910,Ulrich,Bowe,ubowefc@4shared.com,Senior Editor,21,17.7
18-3362691,Antonio,Peckham,apeckhamfd@thetimes.co.uk,Help Desk Technician,39,45.05
51-0846696,Mina,Hanne,mhannefe@live.com,Software Consultant,30,56.58
45-1567280,Kory,Plaice,kplaiceff@altervista.org,Human Resources Assistant II,29,30.8
42-7070211,Alyce,Grattage,agrattagefg@fc2.com,Database Administrator II,15,20.79
25-3193571,Kassia,Caton,kcatonfh@last.fm,Recruiting Manager,30,53.7
83-5381163,Rozalie,Caldera,rcalderafi@shop-pro.jp,Automation Specialist IV,31,16.86
52-2768869,Linn,Pencot,lpencotfj@ucla.edu,Media Manager II,28,35.7
93-9728045,Cristy,Trethewey,ctretheweyfk@uol.com.br,Associate Professor,21,42.25
33-5785057,Pietra,Leys,pleysfl@ucsd.edu,Research Assistant IV,40,36.75
21-0559122,Shelden,O Mullen,somullenfm@nydailynews.com,Senior Sales Associate,19,28.97
18-6196078,Druci,Doornbos,ddoornbosfn@mayoclinic.com,Pharmacist,21,22.43
68-5612577,Cybil,Gabey,cgabeyfo@fda.gov,Business Systems Development Analyst,37,21.85
39-9490937,Tirrell,Twelvetree,ttwelvetreefp@amazon.de,Staff Accountant IV,31,23.6
28-5736194,Stephannie,Pyer,spyerfq@google.de,Help Desk Technician,40,35.5
06-6354619,Myrtia,Kuzma,mkuzmafr@chicagotribune.com,Physical Therapy Assistant,18,33.97
25-0369634,Sigismundo,Exley,sexleyfs@bluehost.com,Engineer III,30,15.65
23-5797618,Gwen,Pohlak,gpohlakft@patch.com,Help Desk Technician,32,12.34
42-4280714,Ulick,Garnham,ugarnhamfu@hibu.com,Actuary,36,57.24
71-4662726,Isa,Ivimey,iivimeyfv@tuttocitta.it,Senior Quality Engineer,18,28.23
67-0570084,Garland,Elleton,gelletonfw@earthlink.net,Senior Sales Associate,40,28.4
60-6863650,Conrado,Franklyn,cfranklynfx@state.tx.us,Librarian,36,38.36
87-8603616,Elizabet,Turfitt,eturfittfy@youtube.com,Marketing Manager,27,27.86
20-7341144,Alberta,Brockbank,abrockbankfz@dmoz.org,Quality Control Specialist,17,48.6
43-5468028,Anselma,Proske,aproskeg0@dropbox.com,Pharmacist,21,54.73
05-2506480,Roberto,Newsome,rnewsomeg1@de.vu,Dental Hygienist,32,46.58
73-9470719,Margie,Rizzi,mrizzig2@abc.net.au,Account Executive,27,39.71
67-2839055,Maegan,Cawston,mcawstong3@cyberchimps.com,VP Product Management,22,40.86
13-4651476,Matt,Wards,mwardsg4@goo.ne.jp,Desktop Support Technician,27,32.75
28-7564601,Celina,Spaven,cspaveng5@t-online.de,Teacher,15,17.22
63-8612803,Wynn,MacNish,wmacnishg6@narod.ru,Occupational Therapist,37,26.27
20-8550030,Eleonora,Aitken,eaitkeng7@dedecms.com,Pharmacist,34,21.8
30-0597875,Ralph,Beert,rbeertg8@i2i.jp,Statistician II,17,38.17
89-8741765,Agosto,Bradtke,abradtkeg9@gov.uk,Nuclear Power Engineer,36,34.46
02-7172982,Cassey,Hardington,chardingtonga@bbc.co.uk,Staff Accountant I,28,26.48
83-5055740,Eleonora,Wildes,ewildesgb@whitehouse.gov,Physical Therapy Assistant,29,14.34
01-2304965,Hirsch,Layton,hlaytongc@princeton.edu,Food Chemist,32,14.8
39-6673729,Shannon,Ventom,sventomgd@gov.uk,Nurse,35,21.34
60-5497478,Ty,Lilleycrop,tlilleycropge@google.nl,Safety Technician IV,20,14.9
36-5149712,Kynthia,Musla,kmuslagf@360.cn,Database Administrator I,16,17.01
03-9859481,Sharla,Bilbey,sbilbeygg@amazon.de,Computer Systems Analyst II,23,33.08
09-6886167,Rhoda,Shipton,rshiptongh@delicious.com,Junior Executive,38,55.04
83-1922262,Shela,Maffucci,smaffuccigi@wsj.com,Desktop Support Technician,22,16.04
66-1844851,Magda,Ricciardi,mricciardigj@blogspot.com,Budget/Accounting Analyst III,27,55.56
44-3054879,Jewel,Westmerland,jwestmerlandgk@diigo.com,Internal Auditor,28,40.8
78-5351817,Gottfried,McGrorty,gmcgrortygl@jiathis.com,Database Administrator III,18,12.22
88-8117990,Glynn,Di Boldi,gdiboldigm@irs.gov,Media Manager II,21,35.03
64-0923585,Antonius,McElhinney,amcelhinneygn@comcast.net,Internal Auditor,30,12.15
40-4410943,Staffard,Pidgeon,spidgeongo@clickbank.net,Account Executive,24,40.7
15-6212503,Dot,Coupland,dcouplandgp@tamu.edu,Assistant Media Planner,23,55.8
20-7788746,Brigit,Maystone,bmaystonegq@bbc.co.uk,Quality Control Specialist,28,38.96
17-2284387,Jamison,Barley,jbarleygr@wisc.edu,Business Systems Development Analyst,18,47.69
59-2925180,Archibold,Richen,arichengs@furl.net,Structural Engineer,17,12.67
62-1911396,Carrol,Latham,clathamgt@woothemes.com,Systems Administrator II,20,46.92
19-3108088,Raina,Beevers,rbeeversgu@joomla.org,Web Designer IV,16,40.46
77-1623132,Debee,Bunclark,dbunclarkgv@thetimes.co.uk,Teacher,17,49.17
06-4179635,Consuela,Simoneton,csimonetongw@noaa.gov,Senior Cost Accountant,23,20.16
05-7773317,Jarrod,Frudd,jfruddgx@51.la,Community Outreach Specialist,15,10.74
67-0171971,Bette,MacAnespie,bmacanespiegy@last.fm,Engineer IV,23,52.67
70-4897224,Annabel,Lockner,alocknergz@dmoz.org,Structural Engineer,17,16.58
61-3593233,Jesus,Paggitt,jpaggitth0@indiatimes.com,Office Assistant IV,18,36.64
59-4844221,Rickie,Slegg,rsleggh1@godaddy.com,Executive Secretary,33,35.04
83-6284351,Erroll,Ommanney,eommanneyh2@wisc.edu,Teacher,35,12.02
64-7816015,Constantina,McMahon,cmcmahonh3@prnewswire.com,Software Test Engineer IV,24,13.8
45-7019136,Dixie,Pottberry,dpottberryh4@domainmarket.com,Engineer I,32,43.82
39-7979570,Roddie,Brise,rbriseh5@dmoz.org,Senior Quality Engineer,22,55.09
23-4694573,Easter,Lockton,elocktonh6@livejournal.com,General Manager,23,15.7
19-5258830,Marietta,Lamboll,mlambollh7@jalbum.net,Nuclear Power Engineer,15,31.7
65-6071908,Ira,Kenwright,ikenwrighth8@washingtonpost.com,Cost Accountant,26,15.65
63-5041247,Yalonda,Brennans,ybrennansh9@indiatimes.com,Human Resources Assistant II,20,50.38
51-6875738,Kellen,Crosthwaite,kcrosthwaiteha@sohu.com,Junior Executive,26,12.45
46-1139433,Chantal,Dunbobin,cdunbobinhb@patch.com,Quality Engineer,29,26.94
34-3389257,Cinderella,McLaughlin,cmclaughlinhc@accuweather.com,Marketing Manager,30,25.63
85-7359602,Willi,Ravenscroft,wravenscrofthd@indiatimes.com,Civil Engineer,27,12.22
45-2502125,Stafford,Loghan,sloghanhe@sina.com.cn,Associate Professor,21,57.62
74-7050462,Cristabel,Sawday,csawdayhf@github.com,Human Resources Assistant IV,20,46.02
84-0599056,Joye,Fillan,jfillanhg@mediafire.com,Engineer IV,36,46.3
85-0816822,Tedman,Blanchet,tblanchethh@wikipedia.org,Executive Secretary,31,58.57
44-1546105,Angeline,Acory,aacoryhi@ning.com,Business Systems Development Analyst,27,51.82
80-6871865,Abagael,Charman,acharmanhj@cbslocal.com,Marketing Manager,27,32.82
77-9572878,Colver,Sinderson,csindersonhk@bloomberg.com,Analog Circuit Design manager,24,39.06
03-4514714,Myra,Lawford,mlawfordhl@ibm.com,Product Engineer,23,41.12
77-4897934,Caryl,Vaggers,cvaggershm@java.com,VP Accounting,39,31.17
16-3847634,Dell,Dillicate,ddillicatehn@instagram.com,Occupational Therapist,18,11.12
18-6452671,Mag,Dulin,mdulinho@nifty.com,Quality Control Specialist,30,21.43
04-5284640,Audie,Consterdine,aconsterdinehp@economist.com,Research Associate,26,13.22
14-5619220,Newton,Jess,njesshq@princeton.edu,Software Consultant,19,58.03
70-4215074,Adelaide,Bendon,abendonhr@google.co.jp,Research Nurse,31,29.71
51-0781642,Micky,McJerrow,mmcjerrowhs@dropbox.com,Registered Nurse,20,30.35
31-7047465,Melony,Sutherby,msutherbyht@ibm.com,Office Assistant III,38,33.97
64-9126736,Blondy,Dearman,bdearmanhu@goodreads.com,Biostatistician II,40,47.32
52-8627342,Lacy,Mullender,lmullenderhv@cnn.com,Administrative Assistant III,18,53.42
66-7267408,Claus,Gounod,cgounodhw@arizona.edu,Information Systems Manager,17,10.37
93-6327454,Si,Raoul,sraoulhx@kickstarter.com,Design Engineer,30,53.65
59-4976488,Rance,Leidecker,rleideckerhy@scientificamerican.com,Office Assistant I,17,42.39
40-4296462,Jordanna,Bellworthy,jbellworthyhz@sohu.com,Research Nurse,28,56.7
76-2695534,Auguste,Haigh,ahaighi0@eventbrite.com,Assistant Professor,30,32.6
88-2010440,Carina,Fried,cfriedi1@printfriendly.com,Financial Advisor,36,47.76
23-5109828,Madelene,Schechter,mschechteri2@mlb.com,VP Quality Control,19,24.54
44-1663795,Uta,Behrendsen,ubehrendseni3@sina.com.cn,Electrical Engineer,29,18.39
69-7262377,Aurilia,O' Timony,aotimonyi4@globo.com,Safety Technician IV,26,49.58
54-2895458,Rossie,Alston,ralstoni5@nhs.uk,Financial Analyst,28,38.06
69-4609957,Ellsworth,Schafer,eschaferi6@apache.org,Media Manager I,22,41.45
04-2706633,Samara,Attwoul,sattwouli7@yahoo.co.jp,Human Resources Assistant IV,16,28.55
32-7506780,Phillie,Creavin,pcreavini8@stanford.edu,Electrical Engineer,38,53.09
03-5192534,Elena,Forri,eforrii9@bbc.co.uk,Senior Cost Accountant,38,44.46
44-2815040,Beauregard,Izacenko,bizacenkoia@unblog.fr,Web Designer IV,36,37.14
66-3147770,Kimmy,Mablestone,kmablestoneib@bloglovin.com,Operator,38,21.66
00-7902240,Mandel,Obern,mobernic@stanford.edu,Dental Hygienist,39,59.13
19-5957496,Jaquenetta,Furniss,jfurnissid@csmonitor.com,Internal Auditor,17,12.21
09-5860251,Terza,BoHlingolsen,tbohlingolsenie@toplist.cz,Occupational Therapist,31,16.36
95-1050215,Jory,Blanchard,jblanchardif@slashdot.org,Software Engineer I,18,17.71
04-9919489,Kitty,Jeannequin,kjeannequinig@usatoday.com,Cost Accountant,16,56.25
53-2538912,Francoise,Pentycost,fpentycostih@nps.gov,Information Systems Manager,27,49.77
09-1532278,Uriel,Hilary,uhilaryii@com.com,Sales Associate,16,30.06
26-3641692,Morey,Mattiussi,mmattiussiij@rambler.ru,Operator,23,50.05
48-7463704,Beck,Iveans,biveansik@nhs.uk,Help Desk Technician,29,44.13
89-5191040,Reg,Dablin,rdablinil@barnesandnoble.com,Nurse Practicioner,22,16.33
31-2756790,Brandie,Land,blandim@etsy.com,Financial Advisor,39,22.9
41-0857709,Karna,Eagan,keaganin@alibaba.com,Assistant Professor,25,12.77
82-2633010,Hobey,Rhule,hrhuleio@acquirethisname.com,Biostatistician III,28,29.35
70-9611635,Michelle,Scalera,mscaleraip@ca.gov,Senior Sales Associate,22,55.01
03-5233180,Melitta,Elsmor,melsmoriq@cnbc.com,Analyst Programmer,25,31.85
61-1482696,Gena,Fagge,gfaggeir@creativecommons.org,Human Resources Manager,40,11.56
78-8607810,Margalo,Surmon,msurmonis@tuttocitta.it,Executive Secretary,29,23.27
52-9836132,Jonas,Draayer,jdraayerit@people.com.cn,Software Engineer IV,16,10.72
35-9357137,Rudy,Blaver,rblaveriu@dailymotion.com,Analog Circuit Design manager,28,24.24
90-2607114,Maryanna,Bamling,mbamlingiv@prnewswire.com,Administrative Officer,21,39.02
18-9560155,Stinky,Hold,sholdiw@github.com,Mechanical Systems Engineer,17,35.94
58-4977653,Nikola,Gretham,ngrethamix@usgs.gov,Sales Associate,34,32.09
05-4025853,Harri,Giovanardi,hgiovanardiiy@ifeng.com,Analyst Programmer,32,23.01
81-9516717,Sara-ann,Provis,sprovisiz@arizona.edu,Recruiting Manager,37,38.24
74-6899796,Mitchell,Gove,mgovej0@wired.com,Assistant Media Planner,31,41.49
08-6039425,Brianna,Balch,bbalchj1@webeden.co.uk,Professor,35,56.43
49-6176298,Sayers,Jakobssen,sjakobssenj2@over-blog.com,Software Consultant,27,47.5
96-1125379,Rube,Renney,rrenneyj3@issuu.com,Database Administrator II,36,42.65
16-3578609,Finlay,Turpey,fturpeyj4@surveymonkey.com,VP Quality Control,31,29.63
50-1771522,Davida,Breewood,dbreewoodj5@fc2.com,Business Systems Development Analyst,33,56.34
55-6886095,Brice,Bruff,bbruffj6@earthlink.net,Financial Analyst,34,45.25
46-6647907,Fionnula,Robbie,frobbiej7@wikipedia.org,Teacher,32,11.53
76-0061194,Dix,Alwell,dalwellj8@com.com,Nurse,33,44.42
77-1218700,Milty,Greenwell,mgreenwellj9@purevolume.com,Help Desk Technician,36,19.1
40-8004987,Kele,Hindmore,khindmoreja@nymag.com,Programmer Analyst IV,23,30.2
66-3651285,Malorie,Kiddie,mkiddiejb@ask.com,Software Engineer I,24,19.09
11-4308682,Lana,Newis,lnewisjc@nhs.uk,Account Coordinator,15,51.31
77-3028138,Judye,Beausang,jbeausangjd@google.cn,Mechanical Systems Engineer,38,31.89
03-2959409,Norby,Behneke,nbehnekeje@dailymotion.com,Staff Accountant II,26,30.47
26-3830002,Gabrila,Pottage,gpottagejf@linkedin.com,Assistant Media Planner,40,30.97
85-3529962,Malina,Robart,mrobartjg@myspace.com,Engineer IV,25,16.92
23-5412580,Perren,Rozec,prozecjh@tamu.edu,Occupational Therapist,24,31.22
45-6859511,Esmaria,Hanwell,ehanwellji@theatlantic.com,Nurse,21,58.85
67-8332158,Quillan,Sirkett,qsirkettjj@chronoengine.com,Senior Editor,28,44.3
44-7179944,Klement,Callender,kcallenderjk@t-online.de,Marketing Assistant,20,34.89
17-4220479,Nichole,Sherewood,nsherewoodjl@vk.com,Geologist II,17,14.72
53-0188354,Maybelle,Btham,mbthamjm@networkadvertising.org,Account Coordinator,25,23.82
26-5456333,Ibrahim,Dimmick,idimmickjn@bloomberg.com,Professor,36,14.54
22-8146586,Ashlen,Stronack,astronackjo@nih.gov,Food Chemist,30,50.08
46-6047292,Ruthy,Byng,rbyngjp@constantcontact.com,VP Product Management,18,22.1
46-8736751,Eldon,Wickendon,ewickendonjq@sphinn.com,Recruiting Manager,17,31.19
73-1498595,Cherice,Spiteri,cspiterijr@princeton.edu,Recruiter,27,40.17
34-7494485,Ricardo,Petrik,rpetrikjs@xinhuanet.com,Quality Control Specialist,35,32.91
81-2084115,Maitilde,Bondesen,mbondesenjt@feedburner.com,Product Engineer,26,57.96
93-7990821,Sharline,Meininger,smeiningerju@cisco.com,Information Systems Manager,22,50.77
91-6098152,Aeriel,Kob,akobjv@icq.com,Engineer II,40,54.68
64-4179591,Horacio,Kuhnke,hkuhnkejw@php.net,Account Executive,38,38.95
76-3408462,Susie,Seville,ssevillejx@cbsnews.com,Marketing Manager,31,24.9
65-1516842,Chaddie,Switsur,cswitsurjy@addtoany.com,Account Executive,23,48.42
85-2478173,Barbi,Franklen,bfranklenjz@wunderground.com,Marketing Manager,25,45.18
94-7512079,Etty,Headech,eheadechk0@chron.com,Professor,19,55.24
90-9632862,Sheena,Jaze,sjazek1@ca.gov,Systems Administrator II,21,38.42
96-7893918,Archaimbaud,Dagger,adaggerk2@imageshack.us,Civil Engineer,32,31.22
08-7852046,Filia,Romao,fromaok3@cdbaby.com,Recruiting Manager,20,10.95
88-9901084,Pauli,Vanlint,pvanlintk4@purevolume.com,Web Developer III,25,18.73
02-7790124,Florencia,Sayton,fsaytonk5@walmart.com,Cost Accountant,33,27.26
87-8435703,Haley,Torrecilla,htorrecillak6@businessinsider.com,Civil Engineer,29,39.77
99-7162140,Abigail,Punchard,apunchardk7@dedecms.com,Nuclear Power Engineer,30,10.7
33-4897725,Blanca,Connett,bconnettk8@java.com,Account Coordinator,19,22.36
22-3897106,Harvey,Jiggins,hjigginsk9@marketwatch.com,Electrical Engineer,31,35.46
26-9316225,Rozanna,Farnes,rfarneska@vimeo.com,GIS Technical Architect,26,54.36
60-7918906,Arabelle,Garretson,agarretsonkb@sphinn.com,Analyst Programmer,34,20.09
04-2618272,Lulu,Fitzharris,lfitzharriskc@google.co.uk,Environmental Specialist,26,37.73
46-1582269,Derril,Matthews,dmatthewskd@phpbb.com,Developer II,32,28.9
58-4036289,Jamey,Vere,jvereke@vkontakte.ru,Biostatistician IV,20,48.85
40-2125953,Mitzi,Adshead,madsheadkf@last.fm,Tax Accountant,37,15
75-7691926,Corbie,Scrannage,cscrannagekg@zimbio.com,Mechanical Systems Engineer,17,15.25
76-2131794,Maybelle,Kingett,mkingettkh@examiner.com,Developer IV,33,39.04
97-1609113,Lorraine,Ivanilov,livanilovki@jalbum.net,Civil Engineer,21,25.75
22-2676243,Winnie,Noddles,wnoddleskj@cbc.ca,Administrative Assistant IV,27,43
00-5695219,Levey,Luke,llukekk@nationalgeographic.com,General Manager,26,34.67
44-1638520,Wynnie,Evans,wevanskl@nymag.com,Business Systems Development Analyst,30,14.24
09-5548000,Sara-ann,Jacmard,sjacmardkm@indiatimes.com,Software Engineer II,27,28.48
30-0604932,Ilka,Ren,irenkn@soup.io,Accountant I,34,28.74
99-0007621,Riane,Gravenor,rgravenorko@prlog.org,Mechanical Systems Engineer,38,30.18
99-1907076,Hasheem,Voyce,hvoycekp@huffingtonpost.com,Human Resources Assistant IV,28,20.7
10-8990046,Ludvig,Openshaw,lopenshawkq@vistaprint.com,VP Product Management,40,43.64
13-2465907,Doyle,Muckle,dmucklekr@time.com,Clinical Specialist,27,58.53
38-8946930,Trudi,Kelling,tkellingks@ycombinator.com,Compensation Analyst,31,11.79
84-7944626,Paxon,Otley,potleykt@ihg.com,Marketing Manager,21,20.15
49-5415006,Griswold,Sawkins,gsawkinsku@is.gd,Product Engineer,20,11.1
02-1415773,Wat,Bourchier,wbourchierkv@engadget.com,Biostatistician III,38,20.97
01-5889563,Vivia,Nowick,vnowickkw@mac.com,General Manager,36,55.84
24-4427203,Nerita,Huntingdon,nhuntingdonkx@dell.com,Developer I,29,41.18
92-7829125,Cheslie,Tire,ctireky@dot.gov,Actuary,39,25.46
43-2372510,Rafferty,Nekrews,rnekrewskz@nsw.gov.au,Research Assistant III,34,26.87
77-3934003,Antonio,Chaudrelle,achaudrellel0@purevolume.com,VP Marketing,21,33.32
29-8126888,Shandeigh,Donaway,sdonawayl1@tmall.com,Sales Associate,39,24.19
96-3695765,Fields,Pring,fpringl2@surveymonkey.com,Compensation Analyst,30,23.59
22-6298839,Frederigo,Leggett,fleggettl3@wikipedia.org,Social Worker,37,33.7
16-4645452,Horton,Knottley,hknottleyl4@prweb.com,Tax Accountant,26,49.64
92-0816748,Arluene,Caldecutt,acaldecuttl5@hc360.com,Professor,15,25.04
17-8669353,Irma,Madoc-Jones,imadocjonesl6@typepad.com,Programmer II,33,47.81
11-4872336,Michal,Redhouse,mredhousel7@spiegel.de,Recruiter,19,49.66
39-2867793,Astrix,Bastie,abastiel8@aol.com,Data Coordiator,16,18.98
41-5927330,Annamaria,Haslock,ahaslockl9@theguardian.com,Research Associate,23,56.61
56-0339041,Tandy,Dumingos,tdumingosla@1688.com,Account Executive,27,43.15
57-4710514,Blancha,Tampin,btampinlb@constantcontact.com,Office Assistant I,35,22.79
05-0137870,Darell,Izon,dizonlc@indiatimes.com,Mechanical Systems Engineer,36,50.66
45-4054488,Neill,Melchior,nmelchiorld@sourceforge.net,Human Resources Manager,16,52.63
53-1485925,Lannie,Dwine,ldwinele@linkedin.com,Office Assistant II,39,25.14
25-3788184,Georgine,Wanstall,gwanstalllf@va.gov,Environmental Tech,18,49.24
32-5108421,Anna,Towlson,atowlsonlg@hubpages.com,Geologist IV,31,11.87
95-5108325,Lenee,Lancashire,llancashirelh@statcounter.com,Statistician I,16,52.79
41-3558108,Lacey,Sirl,lsirlli@wikispaces.com,Structural Analysis Engineer,32,52.02
51-6521201,Brocky,Delouch,bdelouchlj@eepurl.com,Programmer III,24,19.62
02-3828448,Arny,Cayette,acayettelk@uol.com.br,Electrical Engineer,28,53.47
18-9481198,Tallulah,Gerb,tgerbll@pcworld.com,Compensation Analyst,39,49.36
51-3611095,Annie,Tellwright,atellwrightlm@cnn.com,Software Test Engineer I,20,47.84
18-6922781,Yul,Bonavia,ybonavialn@un.org,Civil Engineer,38,41.43
52-1361689,Ransom,Canet,rcanetlo@merriam-webster.com,Structural Engineer,20,27.32
16-7130674,Iosep,Bichard,ibichardlp@arstechnica.com,Food Chemist,37,23.13
02-3144111,Alena,Dickie,adickielq@multiply.com,Professor,36,43.38
13-5221773,Michael,Hughill,mhughilllr@fema.gov,Business Systems Development Analyst,21,44.94
75-0055988,Jephthah,Courtonne,jcourtonnels@google.com,Automation Specialist III,24,11.2
79-2570474,Karissa,Berryann,kberryannlt@sphinn.com,Account Coordinator,19,54.86
43-7061673,Paulita,Turbat,pturbatlu@drupal.org,Information Systems Manager,27,24.01
90-7015155,Lukas,Pluck,lplucklv@parallels.com,Cost Accountant,15,28.91
23-1503159,Haskel,Lewis,hlewislw@typepad.com,Cost Accountant,18,33.26
84-7237763,Ileane,Heads,iheadslx@yahoo.com,Media Manager III,19,38.65
28-2527333,Meridith,Bussetti,mbussettily@soup.io,Information Systems Manager,18,18.19
39-6290138,Ophelie,Awdry,oawdrylz@symantec.com,Programmer II,36,17.23
77-8864279,Merrili,Ettritch,mettritchm0@mediafire.com,Staff Scientist,39,50.8
91-6066846,Gray,Gouldbourn,ggouldbournm1@privacy.gov.au,Electrical Engineer,18,18.44
95-1593290,Leonie,Bonder,lbonderm2@themeforest.net,Sales Associate,17,21.01
89-7641313,Vin,Kighly,vkighlym3@usgs.gov,Registered Nurse,30,33.77
22-9323586,Cullen,Brade,cbradem4@dell.com,Account Coordinator,19,21
45-7790511,Bernardina,Nutley,bnutleym5@hatena.ne.jp,Systems Administrator I,29,50.5
44-5469394,Fayre,Lemar,flemarm6@paypal.com,Automation Specialist II,21,37.06
52-1580561,Essie,Flockhart,eflockhartm7@google.fr,Speech Pathologist,37,23.09
22-8238890,Mike,Bullene,mbullenem8@usnews.com,Media Manager III,39,16.9
02-0370316,Vivie,Donahue,vdonahuem9@biglobe.ne.jp,Physical Therapy Assistant,21,46.11
85-8848687,Fields,Idenden,fidendenma@yelp.com,Software Test Engineer II,24,11.18
33-1026121,Bendicty,Shaudfurth,bshaudfurthmb@tmall.com,Environmental Specialist,24,10.22
11-1194240,Kelsey,Kliment,kklimentmc@addtoany.com,Chemical Engineer,17,59.64
27-2397085,Mariel,Pahlsson,mpahlssonmd@csmonitor.com,Office Assistant I,29,16.89
84-3000783,Barron,McAnellye,bmcanellyeme@statcounter.com,Programmer Analyst II,29,20.77
55-4612597,Eugenia,Dog,edogmf@about.com,Executive Secretary,21,36.35
63-1281106,Vonny,Cauldwell,vcauldwellmg@nhs.uk,Payment Adjustment Coordinator,35,56.57
92-4958479,Margi,Tonner,mtonnermh@jalbum.net,Graphic Designer,20,54.31
48-9478728,Dina,Ferronier,dferroniermi@sbwire.com,Legal Assistant,15,18.77
55-2044549,Nichol,Fields,nfieldsmj@e-recht24.de,Paralegal,23,22.11
99-5995871,Lorie,Bolderoe,lbolderoemk@ehow.com,Cost Accountant,36,26.08
97-6566644,Kial,Desseine,kdesseineml@chronoengine.com,Graphic Designer,36,21.31
58-1098199,Zoe,Fotitt,zfotittmm@oracle.com,Mechanical Systems Engineer,23,22.23
58-1993733,Sharity,Siflet,ssifletmn@163.com,Technical Writer,38,56.84
34-1570251,Dominik,Poxson,dpoxsonmo@etsy.com,Structural Analysis Engineer,16,49.39
26-8960258,Gussi,Jelphs,gjelphsmp@who.int,Marketing Manager,18,48.21
78-6217489,Merna,Uc,mucmq@wufoo.com,Pharmacist,15,21.67
00-4624874,Julita,Kynett,jkynettmr@nsw.gov.au,Chief Design Engineer,37,36.37
71-6307038,Alysa,Odam,aodamms@myspace.com,Chief Design Engineer,27,28.72
05-3562117,Shandie,O'Regan,soreganmt@gmpg.org,VP Marketing,38,16.95
06-3484779,Westley,Fenelon,wfenelonmu@bbc.co.uk,Software Consultant,32,10.95
57-4886998,Lonny,Spire,lspiremv@reference.com,Media Manager II,33,36.85
81-7885718,Isidro,Kidner,ikidnermw@scribd.com,Financial Advisor,38,24.98
27-0392265,Ilyssa,Iannello,iiannellomx@state.tx.us,Marketing Assistant,17,31.19
41-8513463,Gare,Solloway,gsollowaymy@rakuten.co.jp,Staff Scientist,38,15.21
51-9913075,Padraig,Lilian,plilianmz@fc2.com,Assistant Professor,31,44.96
18-4880741,Agnella,McDougle,amcdouglen0@fastcompany.com,Account Executive,15,53.02
04-8528213,Hedy,Moriarty,hmoriartyn1@latimes.com,Editor,19,18.87
14-5245692,Maris,Blum,mblumn2@163.com,Professor,36,20.62
20-0142744,Reube,Lunck,rlunckn3@bravesites.com,Help Desk Technician,32,50.99
93-8308778,Lola,Phythian,lphythiann4@google.co.jp,Mechanical Systems Engineer,28,49.76
66-8911154,Erv,Meade,emeaden5@deliciousdays.com,Budget/Accounting Analyst III,34,35.99
13-3365473,Jordan,Tudgay,jtudgayn6@gnu.org,Civil Engineer,37,11.69
21-1110983,Simonne,Blanket,sblanketn7@sfgate.com,Junior Executive,26,41.02
92-9179758,Magdaia,Hales,mhalesn8@digg.com,Analog Circuit Design manager,21,57.14
86-1698873,Ozzie,Peinton,opeintonn9@1688.com,Financial Advisor,28,48.47
37-1504147,Michaella,Woodrow,mwoodrowna@symantec.com,Geologist IV,32,35.25
57-4159555,Wendye,Stithe,wstithenb@1und1.de,Administrative Assistant III,20,11.96
12-7522026,Kiel,Nind,knindnc@amazonaws.com,Media Manager II,32,13.12
53-7449482,Robbin,Goomes,rgoomesnd@goo.ne.jp,Pharmacist,37,51.86
71-0476433,Tremaine,Middleweek,tmiddleweekne@nydailynews.com,Actuary,34,44.73
46-9438781,Nance,Mathouse,nmathousenf@ehow.com,Speech Pathologist,29,45.56
40-6031449,Barbee,Murphey,bmurpheyng@icio.us,Clinical Specialist,23,14.67
78-2630730,Thaxter,Hugh,thughnh@vk.com,Accountant IV,15,31.95
21-6018408,Reider,Tankin,rtankinni@dyndns.org,Senior Cost Accountant,30,36.64
39-8977282,Correy,Jadczak,cjadczaknj@china.com.cn,VP Product Management,26,49.69
18-6150312,Barron,Skerrett,bskerrettnk@wiley.com,Social Worker,40,59.82
81-0847495,Janeczka,Lavarack,jlavaracknl@devhub.com,Account Coordinator,18,41.97
55-6991266,Graeme,Stockman,gstockmannm@dion.ne.jp,Nurse,16,19.62
38-7399398,Kelby,Cornhill,kcornhillnn@mozilla.com,VP Sales,35,19.09
31-7550239,Benedikta,Pilsworth,bpilsworthno@infoseek.co.jp,Environmental Specialist,27,24.47
12-8463999,Rees,Lassey,rlasseynp@instagram.com,Structural Engineer,27,32.85
22-1289947,Ilka,Le Fevre,ilefevrenq@nydailynews.com,Project Manager,36,49.6
66-0519762,Harwell,Emslie,hemslienr@zimbio.com,Desktop Support Technician,21,22.47
77-0449138,Ode,Lawty,olawtyns@ning.com,Librarian,18,40.35
14-6170890,Laird,Barnes,lbarnesnt@newyorker.com,Analog Circuit Design manager,28,43.17
86-3512511,Alayne,Becaris,abecarisnu@cmu.edu,Graphic Designer,29,12.24
76-2883693,Donna,Avison,davisonnv@baidu.com,Sales Representative,24,32.05
48-4975039,Meggy,Thombleson,mthomblesonnw@ox.ac.uk,Payment Adjustment Coordinator,20,18.92
74-7320186,Arvy,Sellers,asellersnx@reuters.com,Environmental Tech,20,17.55
92-5479275,Duffy,Peasee,dpeaseeny@hibu.com,Accountant II,24,51.11
22-9550328,Jedediah,Sowrah,jsowrahnz@creativecommons.org,Graphic Designer,30,28.8
98-2831539,Derrick,Caret,dcareto0@dagondesign.com,Marketing Manager,31,21.57
18-8754993,Melloney,Charer,mcharero1@springer.com,Data Coordiator,35,23.96
72-3760295,Sarge,Lonnon,slonnono2@state.tx.us,Chemical Engineer,34,59.55
16-9035116,Angeli,Buret,abureto3@de.vu,Biostatistician III,26,55.35
37-8603739,Joannes,Van Geffen,jvangeffeno4@vistaprint.com,Analyst Programmer,37,57.23
05-1941993,Dominga,Branch,dbrancho5@zimbio.com,VP Product Management,22,36.47
31-3337150,Pansy,Piddocke,ppiddockeo6@xing.com,Director of Sales,33,16.85
94-5360128,Jermayne,Ferrick,jferricko7@senate.gov,Biostatistician II,40,15.59
86-6838921,Ursola,Metson,umetsono8@zdnet.com,Assistant Media Planner,28,59.08
41-9573741,Carlo,Skittles,cskittleso9@twitter.com,Marketing Manager,23,44.14
97-9202867,Fara,Benallack,fbenallackoa@github.io,Human Resources Assistant IV,28,32.6
28-9230907,Carri,Weepers,cweepersob@arstechnica.com,Cost Accountant,31,23.52
73-7159106,Tomi,Hendrickx,thendrickxoc@yolasite.com,Safety Technician III,40,14.67
31-5546406,Frasquito,Edeler,fedelerod@pinterest.com,Quality Control Specialist,24,38.4
62-8037098,Greggory,Allatt,gallattoe@businessinsider.com,Assistant Manager,16,37.01
25-7632564,Dallis,Gile,dgileof@dyndns.org,Sales Representative,18,11.3
03-0683308,Carolyn,Edworthye,cedworthyeog@cloudflare.com,Senior Quality Engineer,29,11.37
31-3760886,Bibby,Keats,bkeatsoh@gov.uk,Registered Nurse,33,44.84
98-4469064,Bob,Siddall,bsiddalloi@ycombinator.com,Senior Quality Engineer,35,33.53
15-7907984,Amie,Dulanty,adulantyoj@prlog.org,General Manager,25,36.06
54-8066888,Nicholle,Doumerque,ndoumerqueok@diigo.com,Web Developer II,23,27.57
90-3993784,Rosaline,Scini,rsciniol@geocities.jp,Paralegal,33,26.48
42-8545316,Nariko,Wroath,nwroathom@google.com.au,Physical Therapy Assistant,29,47.42
27-4615394,Esteban,Ert,eerton@scribd.com,Programmer Analyst II,32,33.04
47-3724136,Margarete,Milmore,mmilmoreoo@blogtalkradio.com,Research Nurse,38,25.14
37-2835464,Whitney,Aggett,waggettop@cafepress.com,Administrative Officer,21,58.34
62-3124667,Mala,Vinau,mvinauoq@aboutads.info,Information Systems Manager,18,23.19
93-6432742,Novelia,Schutte,nschutteor@skype.com,Database Administrator I,21,24.68
47-9444792,Martha,Munsey,mmunseyos@tripadvisor.com,Compensation Analyst,20,35.67
00-9814917,Fionnula,Edbrooke,fedbrookeot@cafepress.com,Community Outreach Specialist,35,27.24
93-7077864,Garvy,Morad,gmoradou@ted.com,Product Engineer,18,33.15
93-2642220,Dionis,Phizackerly,dphizackerlyov@sina.com.cn,Executive Secretary,19,12.89
17-1623083,Amory,Marr,amarrow@wisc.edu,Financial Analyst,38,59.66
79-6267491,Clarice,Biset,cbisetox@xinhuanet.com,Product Engineer,37,19.62
81-5945835,Lynnett,Fores,lforesoy@behance.net,Information Systems Manager,21,46.55
36-4514935,Reggie,Stihl,rstihloz@skyrock.com,Business Systems Development Analyst,18,37.82
05-7838208,Larissa,Josofovitz,ljosofovitzp0@princeton.edu,Engineer III,20,56.77
59-9878253,Louise,Bussons,lbussonsp1@aboutads.info,Project Manager,35,40.8
52-0413485,Peria,Barnwill,pbarnwillp2@comcast.net,Account Executive,35,41.36
35-8841116,Robinet,Spear,rspearp3@fema.gov,Developer IV,25,59.67
94-4952781,Lena,Pechet,lpechetp4@list-manage.com,Administrative Assistant III,38,10.76
00-3879983,Annette,Vasile,avasilep5@qq.com,Nurse Practicioner,31,21.03
58-6032772,Berti,Newbatt,bnewbattp6@thetimes.co.uk,Director of Sales,16,16.21
55-3490747,Zedekiah,Escalera,zescalerap7@live.com,Help Desk Technician,36,51.77
86-2296687,Alfredo,Matura,amaturap8@yahoo.co.jp,Registered Nurse,25,59.11
48-1239676,Amata,Benns,abennsp9@clickbank.net,Social Worker,25,49.91
62-0898896,Arte,Le Pruvost,alepruvostpa@wordpress.com,Assistant Manager,30,37.5
85-8073843,Delores,Surpliss,dsurplisspb@newyorker.com,Financial Advisor,31,12.11
69-1474497,Catherin,Echelle,cechellepc@mapy.cz,Technical Writer,25,21.31
07-1726337,Kalindi,Eixenberger,keixenbergerpd@usa.gov,Human Resources Assistant I,17,34.78
38-3176794,Meriel,Drysdall,mdrysdallpe@amazon.de,Librarian,18,51.78
30-6307032,Estell,Lavallin,elavallinpf@reverbnation.com,Environmental Tech,19,50.05
95-1877859,Franchot,Artindale,fartindalepg@narod.ru,Health Coach II,24,53.54
04-9449122,Debby,Hellings,dhellingsph@1und1.de,Software Consultant,21,37.69
22-3286617,Velvet,Kensington,vkensingtonpi@google.es,Senior Sales Associate,31,19.6
23-5323883,Tobe,Bearcock,tbearcockpj@netlog.com,Programmer Analyst III,29,30.31
93-1058768,Christyna,Claringbold,cclaringboldpk@studiopress.com,Structural Analysis Engineer,27,37.47
49-8245772,Trixy,Hanscombe,thanscombepl@soundcloud.com,Internal Auditor,16,17.55
24-7599660,Darrel,Eagger,deaggerpm@multiply.com,Nuclear Power Engineer,22,32.36
52-3392735,Lanie,Haet,lhaetpn@google.cn,Dental Hygienist,21,50.15
40-0059409,Phelia,Instrell,pinstrellpo@boston.com,Biostatistician IV,36,42.7
14-2014183,Collen,Bretherton,cbrethertonpp@soup.io,Database Administrator IV,31,18.3
06-5974219,Ester,Malecky,emaleckypq@msn.com,Pharmacist,40,51.1
72-8422378,Josiah,Brandolini,jbrandolinipr@indiatimes.com,Programmer Analyst I,26,48.91
21-0519960,Joelle,Kearton,jkeartonps@nhs.uk,Marketing Assistant,21,21.1
71-6640184,Micaela,Peirson,mpeirsonpt@godaddy.com,Nurse Practicioner,38,32.04
40-0136230,Agna,Spafford,aspaffordpu@ed.gov,Assistant Media Planner,36,55.8
16-7030294,Marlyn,Rulton,mrultonpv@mashable.com,Editor,17,10.09
34-6732951,Ruby,Cayser,rcayserpw@smh.com.au,Director of Sales,18,20.5
13-4943907,Caprice,Gogan,cgoganpx@wikimedia.org,Editor,23,46.4
49-2049739,Caleb,Woolmer,cwoolmerpy@salon.com,Staff Scientist,23,22.35
69-2151853,Dorian,Gheraldi,dgheraldipz@msn.com,Media Manager I,31,12.35
33-0905057,Bailie,McPherson,bmcphersonq0@howstuffworks.com,Community Outreach Specialist,24,54.59
24-1818837,Joe,Leatherborrow,jleatherborrowq1@zdnet.com,Assistant Professor,26,46.35
73-9822819,Dolley,Endle,dendleq2@java.com,GIS Technical Architect,19,37.19
82-2660479,Miguela,Seymark,mseymarkq3@census.gov,Associate Professor,37,14.07
17-5735854,Nancee,Cesconi,ncesconiq4@gov.uk,Occupational Therapist,35,21.38
84-0576363,Kim,Isack,kisackq5@pcworld.com,Senior Developer,23,42.75
11-0111796,Riannon,Roebottom,rroebottomq6@lulu.com,Health Coach IV,35,45.46
78-3946040,Florri,Choat,fchoatq7@com.com,Legal Assistant,17,29.26
77-9446497,Nicolette,Dallman,ndallmanq8@ihg.com,Dental Hygienist,31,27.73
17-9821918,Ty,Cream,tcreamq9@ezinearticles.com,Recruiting Manager,30,34.13
34-7338764,Karola,Gummer,kgummerqa@sogou.com,Environmental Specialist,17,44.94
67-5662772,Natty,Mort,nmortqb@imgur.com,Account Representative II,15,43.3
69-8676801,Roze,Tarborn,rtarbornqc@icio.us,Environmental Specialist,34,44.76
55-5976249,Justinn,MacAllaster,jmacallasterqd@oakley.com,Electrical Engineer,28,55.01
16-1568533,Celestyna,Duligal,cduligalqe@woothemes.com,Registered Nurse,27,15.28
44-6966882,Morgun,Physick,mphysickqf@xinhuanet.com,Automation Specialist IV,23,11.21
70-4184907,Barris,Bukowski,bbukowskiqg@taobao.com,Web Designer III,31,14.71
42-4983698,Myrle,Urridge,murridgeqh@washington.edu,Sales Associate,39,26.84
92-3851120,Joni,Espasa,jespasaqi@acquirethisname.com,Marketing Manager,15,10.39
90-6311313,Ethelbert,Brabham,ebrabhamqj@goo.ne.jp,Statistician IV,28,39.58
93-6218631,Courtnay,Farish,cfarishqk@ted.com,Nurse,40,28.1
45-0685171,Felicia,Skouling,fskoulingql@foxnews.com,Registered Nurse,29,38.37
40-7874787,Maurise,Tomkies,mtomkiesqm@wordpress.org,Registered Nurse,23,31.62
23-1865890,Ursuline,Garey,ugareyqn@yelp.com,General Manager,27,12.36
91-7803984,Tiffie,Tompkinson,ttompkinsonqo@guardian.co.uk,Help Desk Technician,22,17.51
84-1534986,Libbi,de Vaen,ldevaenqp@cbslocal.com,Physical Therapy Assistant,29,27.38
95-5329496,Deana,Gilbart,dgilbartqq@yellowbook.com,Dental Hygienist,38,56.34
58-6261254,Nissa,Royle,nroyleqr@who.int,Data Coordiator,33,39.14
26-8141252,Minette,Goretti,mgorettiqs@dell.com,Graphic Designer,39,58.04
38-7061788,Finn,Habbema,fhabbemaqt@sourceforge.net,Desktop Support Technician,22,36.34
23-9304108,Eryn,Dendle,edendlequ@wix.com,Professor,40,11.23
33-6843685,Mitchel,Jamme,mjammeqv@typepad.com,Community Outreach Specialist,40,22.66
72-9563664,Gallard,Garham,ggarhamqw@omniture.com,Speech Pathologist,37,17.87
71-2747971,Andie,Leisman,aleismanqx@mail.ru,Librarian,33,26.53
07-8056358,Hamilton,Annett,hannettqy@examiner.com,Compensation Analyst,18,56.46
88-3948017,Roley,Cancellor,rcancellorqz@ucla.edu,Human Resources Manager,16,39.33
97-8802806,Eldridge,Whitby,ewhitbyr0@vk.com,Information Systems Manager,40,18.21
68-0716613,Ivor,Stockle,istockler1@nature.com,Office Assistant IV,30,36.08
10-9225075,Port,Toombs,ptoombsr2@tamu.edu,Assistant Manager,26,46.14
15-2720099,Tamara,Tole,ttoler3@cyberchimps.com,Quality Control Specialist,33,16.91
13-1994391,Simone,Trayes,strayesr4@businessweek.com,Analyst Programmer,37,26.49
39-1433035,Leonora,McGuane,lmcguaner5@imageshack.us,Chief Design Engineer,36,38.93
11-3210635,Veda,Hugett,vhugettr6@ning.com,Teacher,19,14.88
25-1518764,Basilius,Bonifas,bbonifasr7@yellowbook.com,Budget/Accounting Analyst IV,34,55.83
38-5192400,Haskel,Till,htillr8@amazon.co.uk,Compensation Analyst,38,43.7
48-8500503,Bealle,Pailin,bpailinr9@archive.org,Senior Editor,26,15.98
48-3462105,Russell,Edmundson,redmundsonra@wisc.edu,Food Chemist,36,44.51
63-9729969,Clemmy,Grimsell,cgrimsellrb@alibaba.com,Software Engineer III,35,30.76
74-2982055,Brook,Bosdet,bbosdetrc@opensource.org,Librarian,22,33
78-2179272,Kahlil,Poynor,kpoynorrd@xrea.com,Geologist IV,33,44.85
18-2418144,Shelton,Duplan,sduplanre@marriott.com,Registered Nurse,33,47.93
73-6777091,Kev,Ollivierre,kollivierrerf@guardian.co.uk,Quality Control Specialist,15,35.82
73-6084361,Jacques,Santello,jsantellorg@yahoo.com,Graphic Designer,21,42.6
40-2571353,Rhodie,Kamena,rkamenarh@merriam-webster.com,Health Coach I,25,40.56
32-8451862,De,Turton,dturtonri@bandcamp.com,Quality Engineer,34,51.43
97-0167381,Burtie,Saville,bsavillerj@chicagotribune.com,Desktop Support Technician,17,31.27
66-2844742,Junie,Pooke,jpookerk@bravesites.com,Assistant Manager,23,13.04
30-8724403,Jaquenette,Caine,jcainerl@miibeian.gov.cn,Sales Representative,28,35.83
30-8239146,Lanae,Beri,lberirm@tmall.com,Environmental Tech,30,40.36
12-8927074,Shep,Deehan,sdeehanrn@intel.com,Executive Secretary,30,17.44
26-1024904,Emile,Southon,esouthonro@nytimes.com,VP Product Management,26,37.85
29-7143093,Damiano,Jonathon,djonathonrp@joomla.org,Physical Therapy Assistant,37,49.44
35-1303530,Katheryn,Jarrel,kjarrelrq@google.es,Account Coordinator,27,32.31
21-2534372,Bay,Clulow,bclulowrr@tinyurl.com,Chemical Engineer,25,25.53
